sp_key,Species,n_records_2000_2023,species_taxcorr,Guild,is_syn_target,is_lump_target,from_synonyms,from_lump_sources,present_in_raw_records,meets_50_filter,has_guild,origin_tag
erebia meolans,Erebia meolans,1813,Erebia meolans,Butterflies,FALSE,FALSE,NA,NA,TRUE,TRUE,TRUE,model_species_direct
coenonympha dorus,Coenonympha dorus,779,Coenonympha dorus,Butterflies,FALSE,FALSE,NA,NA,TRUE,TRUE,TRUE,model_species_direct
tuttiola spini,Tuttiola spini,936,Tuttiola spini,Butterflies,FALSE,FALSE,NA,NA,TRUE,TRUE,TRUE,model_species_direct
hipparchia hermione,Hipparchia hermione,667,Hipparchia hermione,Butterflies,FALSE,FALSE,NA,NA,TRUE,TRUE,TRUE,model_species_direct
iphiclides podalirius,Iphiclides podalirius,4238,Iphiclides podalirius,Butterflies,FALSE,FALSE,NA,NA,TRUE,TRUE,TRUE,model_species_direct
papilio machaon,Papilio machaon,3909,Papilio machaon,Butterflies,FALSE,FALSE,NA,NA,TRUE,TRUE,TRUE,model_species_direct
lysandra coridon,Lysandra coridon,4007,Lysandra coridon,Butterflies,FALSE,FALSE,NA,NA,TRUE,TRUE,TRUE,model_species_direct
zygaena fausta,Zygaena fausta,431,Zygaena fausta,Moths,FALSE,FALSE,NA,NA,TRUE,TRUE,TRUE,model_species_direct
thymelicus sylvestris,Thymelicus sylvestris,1869,Thymelicus sylvestris,Butterflies,FALSE,FALSE,NA,NA,TRUE,TRUE,TRUE,model_species_direct
hipparchia semele,Hipparchia semele,1996,Hipparchia semele,Butterflies,FALSE,FALSE,NA,NA,TRUE,TRUE,TRUE,model_species_direct
loweia tityrus,Loweia tityrus,4594,Loweia tityrus,Butterflies,FALSE,FALSE,NA,NA,TRUE,TRUE,TRUE,model_species_direct
coenonympha pamphilus,Coenonympha pamphilus,5329,Coenonympha pamphilus,Butterflies,FALSE,FALSE,NA,NA,TRUE,TRUE,TRUE,model_species_direct
melanargia galathea,Melanargia galathea,7628,Melanargia galathea,Butterflies,FALSE,FALSE,NA,NA,TRUE,TRUE,TRUE,model_species_direct
gonepteryx cleopatra,Gonepteryx cleopatra,2627,Gonepteryx cleopatra,Butterflies,FALSE,FALSE,NA,NA,TRUE,TRUE,TRUE,model_species_direct
argynnis paphia,Argynnis paphia,4618,Argynnis paphia,Butterflies,FALSE,FALSE,NA,NA,TRUE,TRUE,TRUE,model_species_direct
polyommatus icarus,Polyommatus icarus,4557,Polyommatus icarus,Butterflies,FALSE,FALSE,NA,NA,TRUE,TRUE,TRUE,model_species_direct
pyronia tithonus,Pyronia tithonus,1925,Pyronia tithonus,Butterflies,FALSE,FALSE,NA,NA,TRUE,TRUE,TRUE,model_species_direct
limenitis reducta,Limenitis reducta,1738,Limenitis reducta,Butterflies,FALSE,FALSE,NA,NA,TRUE,TRUE,TRUE,model_species_direct
hipparchia fagi,Hipparchia fagi,644,Hipparchia fagi,Butterflies,FALSE,FALSE,NA,NA,TRUE,TRUE,TRUE,model_species_direct
macroglossum stellatarum,Macroglossum stellatarum,1693,Macroglossum stellatarum,Moths,FALSE,FALSE,NA,NA,TRUE,TRUE,TRUE,model_species_direct
halictus scabiosae,Halictus scabiosae,86,Halictus scabiosae,Wild Bees,FALSE,FALSE,NA,NA,TRUE,TRUE,TRUE,model_species_direct
arethusana arethusa,Arethusana arethusa,969,Arethusana arethusa,Butterflies,FALSE,FALSE,NA,NA,TRUE,TRUE,TRUE,model_species_direct
melitaea didyma,Melitaea didyma,3145,Melitaea didyma,Butterflies,FALSE,FALSE,NA,NA,TRUE,TRUE,TRUE,model_species_direct
vanessa atalanta,Vanessa atalanta,3501,Vanessa atalanta,Butterflies,FALSE,FALSE,NA,NA,TRUE,TRUE,TRUE,model_species_direct
eupeodes corollae,Eupeodes corollae,90,Eupeodes corollae,Hoverflies,FALSE,FALSE,NA,NA,TRUE,TRUE,TRUE,model_species_direct
colias alfacariensis,Colias alfacariensis,1704,Colias alfacariensis,Butterflies,FALSE,FALSE,NA,NA,TRUE,TRUE,TRUE,model_species_direct
aporia crataegi,Aporia crataegi,4260,Aporia crataegi,Butterflies,FALSE,FALSE,NA,NA,TRUE,TRUE,TRUE,model_species_direct
gonepteryx rhamni,Gonepteryx rhamni,3529,Gonepteryx rhamni,Butterflies,FALSE,FALSE,NA,NA,TRUE,TRUE,TRUE,model_species_direct
erebia aethiops,Erebia aethiops,620,Erebia aethiops,Butterflies,FALSE,FALSE,NA,NA,TRUE,TRUE,TRUE,model_species_direct
acontia trabealis,Acontia trabealis,86,Acontia trabealis,Moths,FALSE,FALSE,NA,NA,TRUE,TRUE,TRUE,model_species_direct
minois dryas,Minois dryas,442,Minois dryas,Butterflies,FALSE,FALSE,NA,NA,TRUE,TRUE,TRUE,model_species_direct
hipparchia statilinus,Hipparchia statilinus,851,Hipparchia statilinus,Butterflies,FALSE,FALSE,NA,NA,TRUE,TRUE,TRUE,model_species_direct
colias croceus,Colias croceus,5261,Colias croceus,Butterflies,FALSE,FALSE,NA,NA,TRUE,TRUE,TRUE,model_species_direct
spialia sertorius,Spialia sertorius,1400,Spialia sertorius,Butterflies,FALSE,FALSE,NA,NA,TRUE,TRUE,TRUE,model_species_direct
coenonympha arcania,Coenonympha arcania,3323,Coenonympha arcania,Butterflies,FALSE,FALSE,NA,NA,TRUE,TRUE,TRUE,model_species_direct
issoria lathonia,Issoria lathonia,3201,Issoria lathonia,Butterflies,FALSE,FALSE,NA,NA,TRUE,TRUE,TRUE,model_species_direct
lasiommata megera,Lasiommata megera,4006,Lasiommata megera,Butterflies,FALSE,FALSE,NA,NA,TRUE,TRUE,TRUE,model_species_direct
lysandra bellargus,Lysandra bellargus,2948,Lysandra bellargus,Butterflies,FALSE,FALSE,NA,NA,TRUE,TRUE,TRUE,model_species_direct
erebia neoridas,Erebia neoridas,902,Erebia neoridas,Butterflies,FALSE,FALSE,NA,NA,TRUE,TRUE,TRUE,model_species_direct
cupido minimus,Cupido minimus,2093,Cupido minimus,Butterflies,FALSE,FALSE,NA,NA,TRUE,TRUE,TRUE,model_species_direct
thymelicus acteon,Thymelicus acteon,702,Thymelicus acteon,Butterflies,FALSE,FALSE,NA,NA,TRUE,TRUE,TRUE,model_species_direct
epicallia villica,Epicallia villica,231,Epicallia villica,Moths,FALSE,FALSE,NA,NA,TRUE,TRUE,TRUE,model_species_direct
polygonia c-album,Polygonia c-album,2050,Polygonia c-album,Butterflies,FALSE,FALSE,NA,NA,TRUE,TRUE,TRUE,model_species_direct
pararge aegeria,Pararge aegeria,3171,Pararge aegeria,Butterflies,FALSE,FALSE,NA,NA,TRUE,TRUE,TRUE,model_species_direct
macrothylacia rubi,Macrothylacia rubi,350,Macrothylacia rubi,Moths,FALSE,FALSE,NA,NA,TRUE,TRUE,TRUE,model_species_direct
hesperia comma,Hesperia comma,2085,Hesperia comma,Butterflies,FALSE,FALSE,NA,NA,TRUE,TRUE,TRUE,model_species_direct
thaumetopoea pityocampa,Thaumetopoea pityocampa,345,Thaumetopoea pityocampa,Moths,FALSE,FALSE,NA,NA,TRUE,TRUE,TRUE,model_species_direct
zygaena transalpina,Zygaena transalpina,776,Zygaena transalpina,Moths,FALSE,FALSE,NA,NA,TRUE,TRUE,TRUE,model_species_direct
zygaena filipendulae,Zygaena filipendulae,729,Zygaena filipendulae,Moths,FALSE,FALSE,NA,NA,TRUE,TRUE,TRUE,model_species_direct
pieris rapae,Pieris rapae,2534,Pieris rapae,Butterflies,FALSE,FALSE,NA,NA,TRUE,TRUE,TRUE,model_species_direct
ochlodes venata,Ochlodes venata,2508,Ochlodes venata,Butterflies,FALSE,FALSE,NA,NA,TRUE,TRUE,TRUE,model_species_direct
lasiommata maera,Lasiommata maera,2770,Lasiommata maera,Butterflies,FALSE,FALSE,NA,NA,TRUE,TRUE,TRUE,model_species_direct
meliscaeva auricollis,Meliscaeva auricollis,77,Meliscaeva auricollis,Hoverflies,FALSE,FALSE,NA,NA,TRUE,TRUE,TRUE,model_species_direct
aglais io,Aglais io,1928,Aglais io,Butterflies,FALSE,FALSE,NA,NA,TRUE,TRUE,TRUE,model_species_direct
anthocharis cardamines,Anthocharis cardamines,3150,Anthocharis cardamines,Butterflies,FALSE,FALSE,NA,NA,TRUE,TRUE,TRUE,model_species_direct
satyrus briseis,Satyrus briseis,543,Satyrus briseis,Butterflies,FALSE,FALSE,NA,NA,TRUE,TRUE,TRUE,model_species_direct
hemaris tityus,Hemaris tityus,114,Hemaris tityus,Moths,FALSE,FALSE,NA,NA,TRUE,TRUE,TRUE,model_species_direct
melitaea phoebe,Melitaea phoebe,2120,Melitaea phoebe,Butterflies,FALSE,FALSE,NA,NA,TRUE,TRUE,TRUE,model_species_direct
lampides boeticus,Lampides boeticus,940,Lampides boeticus,Butterflies,FALSE,FALSE,NA,NA,TRUE,TRUE,TRUE,model_species_direct
maniola jurtina,Maniola jurtina,5072,Maniola jurtina,Butterflies,FALSE,FALSE,NA,NA,TRUE,TRUE,TRUE,model_species_direct
apis mellifera,Apis mellifera,1827,Apis mellifera,Honey Bees,FALSE,FALSE,NA,NA,TRUE,TRUE,TRUE,model_species_direct
zerynthia rumina,Zerynthia rumina,640,Zerynthia rumina,Butterflies,FALSE,FALSE,NA,NA,TRUE,TRUE,TRUE,model_species_direct
thymelicus lineola,Thymelicus lineola,1964,Thymelicus lineola,Butterflies,FALSE,FALSE,NA,NA,TRUE,TRUE,TRUE,model_species_direct
euphydryas aurinia,Euphydryas aurinia,831,Euphydryas aurinia,Butterflies,FALSE,FALSE,NA,NA,TRUE,TRUE,TRUE,model_species_direct
pseudophilotes baton,Pseudophilotes baton,689,Pseudophilotes baton,Butterflies,FALSE,FALSE,NA,NA,TRUE,TRUE,TRUE,model_species_direct
glaucopsyche alexis,Glaucopsyche alexis,738,Glaucopsyche alexis,Butterflies,FALSE,FALSE,NA,NA,TRUE,TRUE,TRUE,model_species_direct
celastrina argiolus,Celastrina argiolus,1199,Celastrina argiolus,Butterflies,FALSE,FALSE,NA,NA,TRUE,TRUE,TRUE,model_species_direct
pieris napi,Pieris napi,2475,Pieris napi,Butterflies,FALSE,FALSE,NA,NA,TRUE,TRUE,TRUE,model_species_direct
satyrus actaea,Satyrus actaea,449,Satyrus actaea,Butterflies,FALSE,FALSE,NA,NA,TRUE,TRUE,TRUE,model_species_direct
pieris brassicae,Pieris brassicae,3124,Pieris brassicae,Butterflies,FALSE,FALSE,NA,NA,TRUE,TRUE,TRUE,model_species_direct
xylocopa violacea,Xylocopa violacea,379,Xylocopa violacea,Wild Bees,FALSE,FALSE,NA,NA,TRUE,TRUE,TRUE,model_species_direct
satyrus ferula,Satyrus ferula,1527,Satyrus ferula,Butterflies,FALSE,FALSE,NA,NA,TRUE,TRUE,TRUE,model_species_direct
hemaris fuciformis,Hemaris fuciformis,227,Hemaris fuciformis,Moths,FALSE,FALSE,NA,NA,TRUE,TRUE,TRUE,model_species_direct
thyris fenestrella,Thyris fenestrella,57,Thyris fenestrella,Moths,FALSE,FALSE,NA,NA,TRUE,TRUE,TRUE,model_species_direct
zygaena occitanica,Zygaena occitanica,95,Zygaena occitanica,Moths,FALSE,FALSE,NA,NA,TRUE,TRUE,TRUE,model_species_direct
pyronia bathseba,Pyronia bathseba,418,Pyronia bathseba,Butterflies,FALSE,FALSE,NA,NA,TRUE,TRUE,TRUE,model_species_direct
cydalima perspectalis,Cydalima perspectalis,481,Cydalima perspectalis,Moths,FALSE,FALSE,NA,NA,TRUE,TRUE,TRUE,model_species_direct
lycaena phlaeas,Lycaena phlaeas,2255,Lycaena phlaeas,Butterflies,FALSE,FALSE,NA,NA,TRUE,TRUE,TRUE,model_species_direct
pyrgus alveus,Pyrgus alveus,454,Pyrgus alveus,Butterflies,FALSE,FALSE,NA,NA,TRUE,TRUE,TRUE,model_species_direct
elkalyce alcetas,Elkalyce alcetas,303,Elkalyce alcetas,Butterflies,FALSE,FALSE,NA,NA,TRUE,TRUE,TRUE,model_species_direct
strymon acaciae,Strymon acaciae,432,Strymon acaciae,Butterflies,FALSE,FALSE,NA,NA,TRUE,TRUE,TRUE,model_species_direct
lithosia quadra,Lithosia quadra,556,Lithosia quadra,Moths,FALSE,FALSE,NA,NA,TRUE,TRUE,TRUE,model_species_direct
apatura ilia,Apatura ilia,406,Apatura ilia,Butterflies,FALSE,FALSE,NA,NA,TRUE,TRUE,TRUE,model_species_direct
pterophorus pentadactyla,Pterophorus pentadactyla,62,Pterophorus pentadactyla,Moths,FALSE,FALSE,NA,NA,TRUE,TRUE,TRUE,model_species_direct
pieris mannii,Pieris mannii,364,Pieris mannii,Butterflies,FALSE,FALSE,NA,NA,TRUE,TRUE,TRUE,model_species_direct
eurrhypis pollinalis,Eurrhypis pollinalis,65,Eurrhypis pollinalis,Moths,FALSE,FALSE,NA,NA,TRUE,TRUE,TRUE,model_species_direct
aglia tau,Aglia tau,97,Aglia tau,Moths,FALSE,FALSE,NA,NA,TRUE,TRUE,TRUE,model_species_direct
vanessa cardui,Vanessa cardui,3191,Vanessa cardui,Butterflies,FALSE,FALSE,NA,NA,TRUE,TRUE,TRUE,model_species_direct
speyeria aglaja,Speyeria aglaja,3245,Speyeria aglaja,Butterflies,FALSE,FALSE,NA,NA,TRUE,TRUE,TRUE,model_species_direct
fabriciana niobe,Fabriciana niobe,1509,Fabriciana niobe,Butterflies,FALSE,FALSE,NA,NA,TRUE,TRUE,TRUE,model_species_direct
zygaena loti,Zygaena loti,504,Zygaena loti,Moths,FALSE,FALSE,NA,NA,TRUE,TRUE,TRUE,model_species_direct
pyrausta sanguinalis,Pyrausta sanguinalis,60,Pyrausta sanguinalis,Moths,FALSE,FALSE,NA,NA,TRUE,TRUE,TRUE,model_species_direct
heliothis viriplaca,Heliothis viriplaca,65,Heliothis viriplaca,Moths,FALSE,FALSE,NA,NA,TRUE,TRUE,TRUE,model_species_direct
spiris striata,Spiris striata,86,Spiris striata,Moths,FALSE,FALSE,NA,NA,TRUE,TRUE,TRUE,model_species_direct
chiasmia clathrata,Chiasmia clathrata,499,Chiasmia clathrata,Moths,FALSE,FALSE,NA,NA,TRUE,TRUE,TRUE,model_species_direct
tetramorium caespitum,Tetramorium caespitum,56,Tetramorium caespitum,Ants,FALSE,FALSE,NA,NA,TRUE,TRUE,TRUE,model_species_direct
anania funebris,Anania funebris,68,Anania funebris,Moths,FALSE,FALSE,NA,NA,TRUE,TRUE,TRUE,model_species_direct
erynnis tages,Erynnis tages,1654,Erynnis tages,Butterflies,FALSE,FALSE,NA,NA,TRUE,TRUE,TRUE,model_species_direct
carcharodus alceae,Carcharodus alceae,746,Carcharodus alceae,Butterflies,FALSE,FALSE,NA,NA,TRUE,TRUE,TRUE,model_species_direct
pyrgus carlinae,Pyrgus carlinae,779,Pyrgus carlinae,Butterflies,FALSE,FALSE,NA,NA,TRUE,TRUE,TRUE,model_species_direct
callophrys rubi,Callophrys rubi,1728,Callophrys rubi,Butterflies,FALSE,FALSE,NA,NA,TRUE,TRUE,TRUE,model_species_direct
pontia daplidice,Pontia daplidice,904,Pontia daplidice,Butterflies,FALSE,FALSE,NA,NA,TRUE,TRUE,TRUE,model_species_direct
aricia agestis,Aricia agestis,1648,Aricia agestis,Butterflies,FALSE,FALSE,NA,NA,TRUE,TRUE,TRUE,model_species_direct
saturnia pyri,Saturnia pyri,189,Saturnia pyri,Moths,FALSE,FALSE,NA,NA,TRUE,TRUE,TRUE,model_species_direct
plebejus argus,Plebejus argus,1898,Plebejus argus,Butterflies,FALSE,FALSE,NA,NA,TRUE,TRUE,TRUE,model_species_direct
aglais urticae,Aglais urticae,4242,Aglais urticae,Butterflies,FALSE,FALSE,NA,NA,TRUE,TRUE,TRUE,model_species_direct
autographa gamma,Autographa gamma,454,Autographa gamma,Moths,FALSE,FALSE,NA,NA,TRUE,TRUE,TRUE,model_species_direct
diplolepis rosae,Diplolepis rosae,108,Diplolepis rosae,Micro Wasps,FALSE,FALSE,NA,NA,TRUE,TRUE,TRUE,model_species_direct
euclidia glyphica,Euclidia glyphica,516,Euclidia glyphica,Moths,FALSE,FALSE,NA,NA,TRUE,TRUE,TRUE,model_species_direct
nymphalis polychloros,Nymphalis polychloros,879,Nymphalis polychloros,Butterflies,FALSE,FALSE,NA,NA,TRUE,TRUE,TRUE,model_species_direct
pyrausta despicata,Pyrausta despicata,171,Pyrausta despicata,Moths,FALSE,FALSE,NA,NA,TRUE,TRUE,TRUE,model_species_direct
fabriciana adippe,Fabriciana adippe,1432,Fabriciana adippe,Butterflies,FALSE,FALSE,NA,NA,TRUE,TRUE,TRUE,model_species_direct
camponotus ligniperdus,Camponotus ligniperdus,128,Camponotus ligniperdus,Ants,FALSE,FALSE,NA,NA,TRUE,TRUE,TRUE,model_species_direct
myrmica ruginodis,Myrmica ruginodis,89,Myrmica ruginodis,Ants,FALSE,FALSE,NA,NA,TRUE,TRUE,TRUE,model_species_direct
myrmica sabuleti,Myrmica sabuleti,58,Myrmica sabuleti,Ants,FALSE,FALSE,NA,NA,TRUE,TRUE,TRUE,model_species_direct
lasius emarginatus,Lasius emarginatus,58,Lasius emarginatus,Ants,FALSE,FALSE,NA,NA,TRUE,TRUE,TRUE,model_species_direct
lasius fuliginosus,Lasius fuliginosus,70,Lasius fuliginosus,Ants,FALSE,FALSE,NA,NA,TRUE,TRUE,TRUE,model_species_direct
camponotus vagus,Camponotus vagus,73,Camponotus vagus,Ants,FALSE,FALSE,NA,NA,TRUE,TRUE,TRUE,model_species_direct
formica pratensis,Formica pratensis,71,Formica pratensis,Ants,FALSE,FALSE,NA,NA,TRUE,TRUE,TRUE,model_species_direct
carcharodus lavatherae,Carcharodus lavatherae,464,Carcharodus lavatherae,Butterflies,FALSE,FALSE,NA,NA,TRUE,TRUE,TRUE,model_species_direct
laeosopis roboris,Laeosopis roboris,148,Laeosopis roboris,Butterflies,FALSE,FALSE,NA,NA,TRUE,TRUE,TRUE,model_species_direct
hamearis lucina,Hamearis lucina,719,Hamearis lucina,Butterflies,FALSE,FALSE,NA,NA,TRUE,TRUE,TRUE,model_species_direct
pyrgus fritillarius,Pyrgus fritillarius,940,Pyrgus fritillarius,Butterflies,FALSE,FALSE,NA,NA,TRUE,TRUE,TRUE,model_species_direct
scotopteryx bipunctaria,Scotopteryx bipunctaria,152,Scotopteryx bipunctaria,Moths,FALSE,FALSE,NA,NA,TRUE,TRUE,TRUE,model_species_direct
brenthis daphne,Brenthis daphne,1323,Brenthis daphne,Butterflies,FALSE,FALSE,NA,NA,TRUE,TRUE,TRUE,model_species_direct
zygaena erythrus,Zygaena erythrus,167,Zygaena erythrus,Moths,FALSE,FALSE,NA,NA,TRUE,TRUE,TRUE,model_species_direct
idaea contiguaria,Idaea contiguaria,56,Idaea contiguaria,Moths,FALSE,FALSE,NA,NA,TRUE,TRUE,TRUE,model_species_direct
hyles euphorbiae,Hyles euphorbiae,413,Hyles euphorbiae,Moths,FALSE,FALSE,NA,NA,TRUE,TRUE,TRUE,model_species_direct
deilephila porcellus,Deilephila porcellus,247,Deilephila porcellus,Moths,FALSE,FALSE,NA,NA,TRUE,TRUE,TRUE,model_species_direct
endotricha flammealis,Endotricha flammealis,182,Endotricha flammealis,Moths,FALSE,FALSE,NA,NA,TRUE,TRUE,TRUE,model_species_direct
manulea complana,Manulea complana,141,Manulea complana,Moths,FALSE,FALSE,NA,NA,TRUE,TRUE,TRUE,model_species_direct
idaea ochrata,Idaea ochrata,78,Idaea ochrata,Moths,FALSE,FALSE,NA,NA,TRUE,TRUE,TRUE,model_species_direct
ligdia adustata,Ligdia adustata,91,Ligdia adustata,Moths,FALSE,FALSE,NA,NA,TRUE,TRUE,TRUE,model_species_direct
eudonia lacustrata,Eudonia lacustrata,62,Eudonia lacustrata,Moths,FALSE,FALSE,NA,NA,TRUE,TRUE,TRUE,model_species_direct
idaea rusticata,Idaea rusticata,124,Idaea rusticata,Moths,FALSE,FALSE,NA,NA,TRUE,TRUE,TRUE,model_species_direct
mythimna ferrago,Mythimna ferrago,155,Mythimna ferrago,Moths,FALSE,FALSE,NA,NA,TRUE,TRUE,TRUE,model_species_direct
dendrolimus pini,Dendrolimus pini,161,Dendrolimus pini,Moths,FALSE,FALSE,NA,NA,TRUE,TRUE,TRUE,model_species_direct
nyea lurideola,Nyea lurideola,151,Nyea lurideola,Moths,FALSE,FALSE,NA,NA,TRUE,TRUE,TRUE,model_species_direct
synaphe punctalis,Synaphe punctalis,95,Synaphe punctalis,Moths,FALSE,FALSE,NA,NA,TRUE,TRUE,TRUE,model_species_direct
idaea seriata,Idaea seriata,57,Idaea seriata,Moths,FALSE,FALSE,NA,NA,TRUE,TRUE,TRUE,model_species_direct
gymnoscelis rufifasciata,Gymnoscelis rufifasciata,121,Gymnoscelis rufifasciata,Moths,FALSE,FALSE,NA,NA,TRUE,TRUE,TRUE,model_species_direct
noctua janthe,Noctua janthe,72,Noctua janthe,Moths,FALSE,FALSE,NA,NA,TRUE,TRUE,TRUE,model_species_direct
pyrgus malvoides,Pyrgus malvoides,1264,Pyrgus malvoides,Butterflies,FALSE,FALSE,NA,NA,TRUE,TRUE,TRUE,model_species_direct
anthocharis euphenoides,Anthocharis euphenoides,340,Anthocharis euphenoides,Butterflies,FALSE,FALSE,NA,NA,TRUE,TRUE,TRUE,model_species_direct
melitaea cinxia,Melitaea cinxia,1431,Melitaea cinxia,Butterflies,FALSE,FALSE,NA,NA,TRUE,TRUE,TRUE,model_species_direct
colias hyale,Colias hyale,161,Colias hyale,Butterflies,FALSE,FALSE,NA,NA,TRUE,TRUE,TRUE,model_species_direct
formica cunicularia,Formica cunicularia,62,Formica cunicularia,Ants,FALSE,FALSE,NA,NA,TRUE,TRUE,TRUE,model_species_direct
lasius flavus,Lasius flavus,60,Lasius flavus,Ants,FALSE,FALSE,NA,NA,TRUE,TRUE,TRUE,model_species_direct
boloria selene,Boloria selene,293,Boloria selene,Butterflies,FALSE,FALSE,NA,NA,TRUE,TRUE,TRUE,model_species_direct
euclidia mi,Euclidia mi,165,Euclidia mi,Moths,FALSE,FALSE,NA,NA,TRUE,TRUE,TRUE,model_species_direct
episyrphus balteatus,Episyrphus balteatus,522,Episyrphus balteatus,Hoverflies,FALSE,FALSE,NA,NA,TRUE,TRUE,TRUE,model_species_direct
everes sebrus,Everes sebrus,474,Everes sebrus,Butterflies,FALSE,FALSE,NA,NA,TRUE,TRUE,TRUE,model_species_direct
melitaea deione,Melitaea deione,469,Melitaea deione,Butterflies,FALSE,FALSE,NA,NA,TRUE,TRUE,TRUE,model_species_direct
acronicta euphorbiae,Acronicta euphorbiae,110,Acronicta euphorbiae,Moths,FALSE,FALSE,NA,NA,TRUE,TRUE,TRUE,model_species_direct
polyommatus thersites,Polyommatus thersites,508,Polyommatus thersites,Butterflies,FALSE,FALSE,NA,NA,TRUE,TRUE,TRUE,model_species_direct
bena bicolorana,Bena bicolorana,62,Bena bicolorana,Moths,FALSE,FALSE,NA,NA,TRUE,TRUE,TRUE,model_species_direct
thecla betulae,Thecla betulae,185,Thecla betulae,Butterflies,FALSE,FALSE,NA,NA,TRUE,TRUE,TRUE,model_species_direct
eupithecia icterata,Eupithecia icterata,115,Eupithecia icterata,Moths,FALSE,FALSE,NA,NA,TRUE,TRUE,TRUE,model_species_direct
catoptria pinella,Catoptria pinella,61,Catoptria pinella,Moths,FALSE,FALSE,NA,NA,TRUE,TRUE,TRUE,model_species_direct
peribatodes rhomboidaria,Peribatodes rhomboidaria,201,Peribatodes rhomboidaria,Moths,FALSE,FALSE,NA,NA,TRUE,TRUE,TRUE,model_species_direct
idaea moniliata,Idaea moniliata,83,Idaea moniliata,Moths,FALSE,FALSE,NA,NA,TRUE,TRUE,TRUE,model_species_direct
cosmorhoe ocellata,Cosmorhoe ocellata,183,Cosmorhoe ocellata,Moths,FALSE,FALSE,NA,NA,TRUE,TRUE,TRUE,model_species_direct
mythimna vitellina,Mythimna vitellina,141,Mythimna vitellina,Moths,FALSE,FALSE,NA,NA,TRUE,TRUE,TRUE,model_species_direct
triodia sylvina,Triodia sylvina,96,Triodia sylvina,Moths,FALSE,FALSE,NA,NA,TRUE,TRUE,TRUE,model_species_direct
diacrisia sannio,Diacrisia sannio,298,Diacrisia sannio,Moths,FALSE,FALSE,NA,NA,TRUE,TRUE,TRUE,model_species_direct
acontia lucida,Acontia lucida,97,Acontia lucida,Moths,FALSE,FALSE,NA,NA,TRUE,TRUE,TRUE,model_species_direct
epirrhoe galiata,Epirrhoe galiata,149,Epirrhoe galiata,Moths,FALSE,FALSE,NA,NA,TRUE,TRUE,TRUE,model_species_direct
tyta luctuosa,Tyta luctuosa,87,Tyta luctuosa,Moths,FALSE,FALSE,NA,NA,TRUE,TRUE,TRUE,model_species_direct
pseudoterpna pruinata,Pseudoterpna pruinata,79,Pseudoterpna pruinata,Moths,FALSE,FALSE,NA,NA,TRUE,TRUE,TRUE,model_species_direct
rhodostrophia calabra,Rhodostrophia calabra,74,Rhodostrophia calabra,Moths,FALSE,FALSE,NA,NA,TRUE,TRUE,TRUE,model_species_direct
polyommatus daphnis,Polyommatus daphnis,362,Polyommatus daphnis,Butterflies,FALSE,FALSE,NA,NA,TRUE,TRUE,TRUE,model_species_direct
scotopteryx moeniata,Scotopteryx moeniata,52,Scotopteryx moeniata,Moths,FALSE,FALSE,NA,NA,TRUE,TRUE,TRUE,model_species_direct
heliothis peltigera,Heliothis peltigera,90,Heliothis peltigera,Moths,FALSE,FALSE,NA,NA,TRUE,TRUE,TRUE,model_species_direct
melitaea diamina,Melitaea diamina,1317,Melitaea diamina,Butterflies,FALSE,FALSE,NA,NA,TRUE,TRUE,TRUE,model_species_direct
lysandra hispana,Lysandra hispana,293,Lysandra hispana,Butterflies,FALSE,FALSE,NA,NA,TRUE,TRUE,TRUE,model_species_direct
zygaena ephialtes,Zygaena ephialtes,123,Zygaena ephialtes,Moths,FALSE,FALSE,NA,NA,TRUE,TRUE,TRUE,model_species_direct
plebejus amanda,Plebejus amanda,529,Plebejus amanda,Butterflies,FALSE,FALSE,NA,NA,TRUE,TRUE,TRUE,model_species_direct
zygaena sarpedon,Zygaena sarpedon,107,Zygaena sarpedon,Moths,FALSE,FALSE,NA,NA,TRUE,TRUE,TRUE,model_species_direct
aricia montensis,Aricia montensis,115,Aricia montensis,Butterflies,FALSE,FALSE,NA,NA,TRUE,TRUE,TRUE,model_species_direct
bombus pascuorum,Bombus pascuorum,260,Bombus pascuorum,Bumblebees,FALSE,FALSE,NA,NA,TRUE,TRUE,TRUE,model_species_direct
pyrgus armoricanus,Pyrgus armoricanus,332,Pyrgus armoricanus,Butterflies,FALSE,FALSE,NA,NA,TRUE,TRUE,TRUE,model_species_direct
lycaena alciphron,Lycaena alciphron,923,Lycaena alciphron,Butterflies,FALSE,FALSE,NA,NA,TRUE,TRUE,TRUE,model_species_direct
volucella zonaria,Volucella zonaria,241,Volucella zonaria,Hoverflies,FALSE,FALSE,NA,NA,TRUE,TRUE,TRUE,model_species_direct
melanargia japygia,Melanargia japygia,198,Melanargia japygia,Butterflies,FALSE,FALSE,NA,NA,TRUE,TRUE,TRUE,model_species_direct
agrius convolvuli,Agrius convolvuli,268,Agrius convolvuli,Moths,FALSE,FALSE,NA,NA,TRUE,TRUE,TRUE,model_species_direct
phlogophora meticulosa,Phlogophora meticulosa,99,Phlogophora meticulosa,Moths,FALSE,FALSE,NA,NA,TRUE,TRUE,TRUE,model_species_direct
vespa velutina,Vespa velutina,871,Vespa velutina,Social Wasps,FALSE,FALSE,NA,NA,TRUE,TRUE,TRUE,model_species_direct
eristalis arbustorum,Eristalis arbustorum,62,Eristalis arbustorum,Hoverflies,FALSE,FALSE,NA,NA,TRUE,TRUE,TRUE,model_species_direct
helicoverpa armigera,Helicoverpa armigera,128,Helicoverpa armigera,Moths,FALSE,FALSE,NA,NA,TRUE,TRUE,TRUE,model_species_direct
arctia caja,Arctia caja,214,Arctia caja,Moths,FALSE,FALSE,NA,NA,TRUE,TRUE,TRUE,model_species_direct
melanargia lachesis,Melanargia lachesis,64,Melanargia lachesis,Butterflies,FALSE,FALSE,NA,NA,TRUE,TRUE,TRUE,model_species_direct
acronicta psi,Acronicta psi,53,Acronicta psi,Moths,FALSE,FALSE,NA,NA,TRUE,TRUE,TRUE,model_species_direct
carcharodus floccifera,Carcharodus floccifera,501,Carcharodus floccifera,Butterflies,FALSE,FALSE,NA,NA,TRUE,TRUE,TRUE,model_species_direct
zygaena romeo,Zygaena romeo,224,Zygaena romeo,Moths,FALSE,FALSE,NA,NA,TRUE,TRUE,TRUE,model_species_direct
odezia atrata,Odezia atrata,486,Odezia atrata,Moths,FALSE,FALSE,NA,NA,TRUE,TRUE,TRUE,model_species_direct
araschnia levana,Araschnia levana,199,Araschnia levana,Butterflies,FALSE,FALSE,NA,NA,TRUE,TRUE,TRUE,model_species_direct
syritta pipiens,Syritta pipiens,59,Syritta pipiens,Hoverflies,FALSE,FALSE,NA,NA,TRUE,TRUE,TRUE,model_species_direct
aspitates gilvaria,Aspitates gilvaria,77,Aspitates gilvaria,Moths,FALSE,FALSE,NA,NA,TRUE,TRUE,TRUE,model_species_direct
vespa crabro,Vespa crabro,295,Vespa crabro,Social Wasps,FALSE,FALSE,NA,NA,TRUE,TRUE,TRUE,model_species_direct
horisme vitalbata,Horisme vitalbata,113,Horisme vitalbata,Moths,FALSE,FALSE,NA,NA,TRUE,TRUE,TRUE,model_species_direct
gnophos furvata,Gnophos furvata,91,Gnophos furvata,Moths,FALSE,FALSE,NA,NA,TRUE,TRUE,TRUE,model_species_direct
apatura iris,Apatura iris,387,Apatura iris,Butterflies,FALSE,FALSE,NA,NA,TRUE,TRUE,TRUE,model_species_direct
brenthis hecate,Brenthis hecate,75,Brenthis hecate,Butterflies,FALSE,FALSE,NA,NA,TRUE,TRUE,TRUE,model_species_direct
zygaena carniolica,Zygaena carniolica,276,Zygaena carniolica,Moths,FALSE,FALSE,NA,NA,TRUE,TRUE,TRUE,model_species_direct
idaea aureolaria,Idaea aureolaria,61,Idaea aureolaria,Moths,FALSE,FALSE,NA,NA,TRUE,TRUE,TRUE,model_species_direct
hyponephele lycaon,Hyponephele lycaon,763,Hyponephele lycaon,Butterflies,FALSE,FALSE,NA,NA,TRUE,TRUE,TRUE,model_species_direct
atolmis rubricollis,Atolmis rubricollis,95,Atolmis rubricollis,Moths,FALSE,FALSE,NA,NA,TRUE,TRUE,TRUE,model_species_direct
pyrgus bellieri,Pyrgus bellieri,151,Pyrgus bellieri,Butterflies,FALSE,FALSE,NA,NA,TRUE,TRUE,TRUE,model_species_direct
polistes dominula,Polistes dominula,73,Polistes dominula,Social Wasps,FALSE,FALSE,NA,NA,TRUE,TRUE,TRUE,model_species_direct
euplagia quadripunctaria,Euplagia quadripunctaria,1002,Euplagia quadripunctaria,Moths,FALSE,FALSE,NA,NA,TRUE,TRUE,TRUE,model_species_direct
zygaena rhadamanthus,Zygaena rhadamanthus,153,Zygaena rhadamanthus,Moths,FALSE,FALSE,NA,NA,TRUE,TRUE,TRUE,model_species_direct
milesia crabroniformis,Milesia crabroniformis,93,Milesia crabroniformis,Hoverflies,FALSE,FALSE,NA,NA,TRUE,TRUE,TRUE,model_species_direct
ourapteryx sambucaria,Ourapteryx sambucaria,85,Ourapteryx sambucaria,Moths,FALSE,FALSE,NA,NA,TRUE,TRUE,TRUE,model_species_direct
zeuzera pyrina,Zeuzera pyrina,154,Zeuzera pyrina,Moths,FALSE,FALSE,NA,NA,TRUE,TRUE,TRUE,model_species_direct
diachrysia chrysitis,Diachrysia chrysitis,65,Diachrysia chrysitis,Moths,FALSE,FALSE,NA,NA,TRUE,TRUE,TRUE,model_species_direct
apamea sublustris,Apamea sublustris,57,Apamea sublustris,Moths,FALSE,FALSE,NA,NA,TRUE,TRUE,TRUE,model_species_direct
mimas tiliae,Mimas tiliae,139,Mimas tiliae,Moths,FALSE,FALSE,NA,NA,TRUE,TRUE,TRUE,model_species_direct
wittia sororcula,Wittia sororcula,139,Wittia sororcula,Moths,FALSE,FALSE,NA,NA,TRUE,TRUE,TRUE,model_species_direct
eristalis tenax,Eristalis tenax,226,Eristalis tenax,Hoverflies,FALSE,FALSE,NA,NA,TRUE,TRUE,TRUE,model_species_direct
biston betularia,Biston betularia,167,Biston betularia,Moths,FALSE,FALSE,NA,NA,TRUE,TRUE,TRUE,model_species_direct
parnassius apollo,Parnassius apollo,3927,Parnassius apollo,Butterflies,FALSE,FALSE,NA,NA,TRUE,TRUE,TRUE,model_species_direct
aphantopus hyperantus,Aphantopus hyperantus,1081,Aphantopus hyperantus,Butterflies,FALSE,FALSE,NA,NA,TRUE,TRUE,TRUE,model_species_direct
lasioglossum albipes,Lasioglossum albipes,99,Lasioglossum albipes,Wild Bees,FALSE,FALSE,NA,NA,TRUE,TRUE,TRUE,model_species_direct
satyrium w-album,Satyrium w-album,117,Satyrium w-album,Butterflies,FALSE,FALSE,NA,NA,TRUE,TRUE,TRUE,model_species_direct
bombus hortorum,Bombus hortorum,104,Bombus hortorum,Bumblebees,FALSE,FALSE,NA,NA,TRUE,TRUE,TRUE,model_species_direct
bombus lucorum,Bombus lucorum,164,Bombus lucorum,Bumblebees,FALSE,FALSE,NA,NA,TRUE,TRUE,TRUE,model_species_direct
bombus rupestris,Bombus rupestris,55,Bombus rupestris,Bumblebees,FALSE,FALSE,NA,NA,TRUE,TRUE,TRUE,model_species_direct
bombus humilis,Bombus humilis,123,Bombus humilis,Bumblebees,FALSE,FALSE,NA,NA,TRUE,TRUE,TRUE,model_species_direct
bombus lapidarius,Bombus lapidarius,106,Bombus lapidarius,Bumblebees,FALSE,FALSE,NA,NA,TRUE,TRUE,TRUE,model_species_direct
bombus terrestris,Bombus terrestris,132,Bombus terrestris,Bumblebees,FALSE,FALSE,NA,NA,TRUE,TRUE,TRUE,model_species_direct
lasiocampa trifolii,Lasiocampa trifolii,80,Lasiocampa trifolii,Moths,FALSE,FALSE,NA,NA,TRUE,TRUE,TRUE,model_species_direct
saturnia pavonia,Saturnia pavonia,137,Saturnia pavonia,Moths,FALSE,FALSE,NA,NA,TRUE,TRUE,TRUE,model_species_direct
nymphalis antiopa,Nymphalis antiopa,1398,Nymphalis antiopa,Butterflies,FALSE,FALSE,NA,NA,TRUE,TRUE,TRUE,model_species_direct
marumba quercus,Marumba quercus,79,Marumba quercus,Moths,FALSE,FALSE,NA,NA,TRUE,TRUE,TRUE,model_species_direct
ceratina cucurbitina,Ceratina cucurbitina,136,Ceratina cucurbitina,Wild Bees,FALSE,FALSE,NA,NA,TRUE,TRUE,TRUE,model_species_direct
setina irrorella,Setina irrorella,117,Setina irrorella,Moths,FALSE,FALSE,NA,NA,TRUE,TRUE,TRUE,model_species_direct
ematurga atomaria,Ematurga atomaria,258,Ematurga atomaria,Moths,FALSE,FALSE,NA,NA,TRUE,TRUE,TRUE,model_species_direct
anthophora plumipes,Anthophora plumipes,50,Anthophora plumipes,Wild Bees,FALSE,FALSE,NA,NA,TRUE,TRUE,TRUE,model_species_direct
anthophora aestivalis,Anthophora aestivalis,62,Anthophora aestivalis,Wild Bees,FALSE,FALSE,NA,NA,TRUE,TRUE,TRUE,model_species_direct
catoptria falsella,Catoptria falsella,171,Catoptria falsella,Moths,FALSE,FALSE,NA,NA,TRUE,TRUE,TRUE,model_species_direct
xanthorhoe fluctuata,Xanthorhoe fluctuata,160,Xanthorhoe fluctuata,Moths,FALSE,FALSE,NA,NA,TRUE,TRUE,TRUE,model_species_direct
thalpophila matura,Thalpophila matura,58,Thalpophila matura,Moths,FALSE,FALSE,NA,NA,TRUE,TRUE,TRUE,model_species_direct
colostygia olivata,Colostygia olivata,81,Colostygia olivata,Moths,FALSE,FALSE,NA,NA,TRUE,TRUE,TRUE,model_species_direct
cacyreus marshalli,Cacyreus marshalli,366,Cacyreus marshalli,Butterflies,FALSE,FALSE,NA,NA,TRUE,TRUE,TRUE,model_species_direct
formica fusca,Formica fusca,110,Formica fusca,Ants,FALSE,FALSE,NA,NA,TRUE,TRUE,TRUE,model_species_direct
idaea ostrinaria,Idaea ostrinaria,53,Idaea ostrinaria,Moths,FALSE,FALSE,NA,NA,TRUE,TRUE,TRUE,model_species_direct
lasiocampa quercus,Lasiocampa quercus,363,Lasiocampa quercus,Moths,FALSE,FALSE,NA,NA,TRUE,TRUE,TRUE,model_species_direct
zygaena viciae,Zygaena viciae,156,Zygaena viciae,Moths,FALSE,FALSE,NA,NA,TRUE,TRUE,TRUE,model_species_direct
zygaena lonicerae,Zygaena lonicerae,418,Zygaena lonicerae,Moths,FALSE,FALSE,NA,NA,TRUE,TRUE,TRUE,model_species_direct
lycaena virgaureae,Lycaena virgaureae,2794,Lycaena virgaureae,Butterflies,FALSE,FALSE,NA,NA,TRUE,TRUE,TRUE,model_species_direct
brenthis ino,Brenthis ino,736,Brenthis ino,Butterflies,FALSE,FALSE,NA,NA,TRUE,TRUE,TRUE,model_species_direct
parasemia plantaginis,Parasemia plantaginis,186,Parasemia plantaginis,Moths,FALSE,FALSE,NA,NA,TRUE,TRUE,TRUE,model_species_direct
camptogramma bilineata,Camptogramma bilineata,209,Camptogramma bilineata,Moths,FALSE,FALSE,NA,NA,TRUE,TRUE,TRUE,model_species_direct
idaea humiliata,Idaea humiliata,61,Idaea humiliata,Moths,FALSE,FALSE,NA,NA,TRUE,TRUE,TRUE,model_species_direct
zygaena hilaris,Zygaena hilaris,150,Zygaena hilaris,Moths,FALSE,FALSE,NA,NA,TRUE,TRUE,TRUE,model_species_direct
pyrgus onopordi,Pyrgus onopordi,135,Pyrgus onopordi,Butterflies,FALSE,FALSE,NA,NA,TRUE,TRUE,TRUE,model_species_direct
lasioglossum calceatum,Lasioglossum calceatum,56,Lasioglossum calceatum,Wild Bees,FALSE,FALSE,NA,NA,TRUE,TRUE,TRUE,model_species_direct
charaxes jasius,Charaxes jasius,641,Charaxes jasius,Butterflies,FALSE,FALSE,NA,NA,TRUE,TRUE,TRUE,model_species_direct
pseudopanthera macularia,Pseudopanthera macularia,317,Pseudopanthera macularia,Moths,FALSE,FALSE,NA,NA,TRUE,TRUE,TRUE,model_species_direct
siona lineata,Siona lineata,136,Siona lineata,Moths,FALSE,FALSE,NA,NA,TRUE,TRUE,TRUE,model_species_direct
acherontia atropos,Acherontia atropos,66,Acherontia atropos,Moths,FALSE,FALSE,NA,NA,TRUE,TRUE,TRUE,model_species_direct
boloria titania,Boloria titania,1083,Boloria titania,Butterflies,FALSE,FALSE,NA,NA,TRUE,TRUE,TRUE,model_species_direct
erebia epiphron,Erebia epiphron,987,Erebia epiphron,Butterflies,FALSE,FALSE,NA,NA,TRUE,TRUE,TRUE,model_species_direct
mikiola fagi,Mikiola fagi,59,Mikiola fagi,Other Flies,FALSE,FALSE,NA,NA,TRUE,TRUE,TRUE,model_species_direct
libythea celtis,Libythea celtis,256,Libythea celtis,Butterflies,FALSE,FALSE,NA,NA,TRUE,TRUE,TRUE,model_species_direct
tapinoma erraticum,Tapinoma erraticum,55,Tapinoma erraticum,Ants,FALSE,FALSE,NA,NA,TRUE,TRUE,TRUE,model_species_direct
bombus ruderarius,Bombus ruderarius,149,Bombus ruderarius,Bumblebees,FALSE,FALSE,NA,NA,TRUE,TRUE,TRUE,model_species_direct
hoplitis adunca,Hoplitis adunca,50,Hoplitis adunca,Wild Bees,FALSE,FALSE,NA,NA,TRUE,TRUE,TRUE,model_species_direct
lycaeides idas,Lycaeides idas,914,Lycaeides idas,Butterflies,FALSE,FALSE,NA,NA,TRUE,TRUE,TRUE,model_species_direct
scolitantides orion,Scolitantides orion,149,Scolitantides orion,Butterflies,FALSE,FALSE,NA,NA,TRUE,TRUE,TRUE,model_species_direct
aricia artaxerxes,Aricia artaxerxes,582,Aricia artaxerxes,Butterflies,FALSE,FALSE,NA,NA,TRUE,TRUE,TRUE,model_species_direct
amphipyra pyramidea,Amphipyra pyramidea,73,Amphipyra pyramidea,Moths,FALSE,FALSE,NA,NA,TRUE,TRUE,TRUE,model_species_direct
sphinx ligustri,Sphinx ligustri,159,Sphinx ligustri,Moths,FALSE,FALSE,NA,NA,TRUE,TRUE,TRUE,model_species_direct
adscita statices,Adscita statices,70,Adscita statices,Moths,FALSE,FALSE,NA,NA,TRUE,TRUE,TRUE,model_species_direct
leptotes pirithous,Leptotes pirithous,460,Leptotes pirithous,Butterflies,FALSE,FALSE,NA,NA,TRUE,TRUE,TRUE,model_species_direct
miltochrista miniata,Miltochrista miniata,57,Miltochrista miniata,Moths,FALSE,FALSE,NA,NA,TRUE,TRUE,TRUE,model_species_direct
aplocera plagiata,Aplocera plagiata,63,Aplocera plagiata,Moths,FALSE,FALSE,NA,NA,TRUE,TRUE,TRUE,model_species_direct
agrotis exclamationis,Agrotis exclamationis,168,Agrotis exclamationis,Moths,FALSE,FALSE,NA,NA,TRUE,TRUE,TRUE,model_species_direct
sphaerophoria scripta,Sphaerophoria scripta,333,Sphaerophoria scripta,Hoverflies,FALSE,FALSE,NA,NA,TRUE,TRUE,TRUE,model_species_direct
egira conspicillaris,Egira conspicillaris,65,Egira conspicillaris,Moths,FALSE,FALSE,NA,NA,TRUE,TRUE,TRUE,model_species_direct
scopula immorata,Scopula immorata,143,Scopula immorata,Moths,FALSE,FALSE,NA,NA,TRUE,TRUE,TRUE,model_species_direct
rhodostrophia vibicaria,Rhodostrophia vibicaria,104,Rhodostrophia vibicaria,Moths,FALSE,FALSE,NA,NA,TRUE,TRUE,TRUE,model_species_direct
calliteara pudibunda,Calliteara pudibunda,148,Calliteara pudibunda,Moths,FALSE,FALSE,NA,NA,TRUE,TRUE,TRUE,model_species_direct
minucia lunaris,Minucia lunaris,68,Minucia lunaris,Moths,FALSE,FALSE,NA,NA,TRUE,TRUE,TRUE,model_species_direct
lomaspilis marginata,Lomaspilis marginata,203,Lomaspilis marginata,Moths,FALSE,FALSE,NA,NA,TRUE,TRUE,TRUE,model_species_direct
colocasia coryli,Colocasia coryli,144,Colocasia coryli,Moths,FALSE,FALSE,NA,NA,TRUE,TRUE,TRUE,model_species_direct
scopula ornata,Scopula ornata,191,Scopula ornata,Moths,FALSE,FALSE,NA,NA,TRUE,TRUE,TRUE,model_species_direct
hyles livornica,Hyles livornica,69,Hyles livornica,Moths,FALSE,FALSE,NA,NA,TRUE,TRUE,TRUE,model_species_direct
phragmatobia fuliginosa,Phragmatobia fuliginosa,137,Phragmatobia fuliginosa,Moths,FALSE,FALSE,NA,NA,TRUE,TRUE,TRUE,model_species_direct
stauropus fagi,Stauropus fagi,143,Stauropus fagi,Moths,FALSE,FALSE,NA,NA,TRUE,TRUE,TRUE,model_species_direct
opisthograptis luteolata,Opisthograptis luteolata,243,Opisthograptis luteolata,Moths,FALSE,FALSE,NA,NA,TRUE,TRUE,TRUE,model_species_direct
noctua pronuba,Noctua pronuba,273,Noctua pronuba,Moths,FALSE,FALSE,NA,NA,TRUE,TRUE,TRUE,model_species_direct
watsonalla binaria,Watsonalla binaria,65,Watsonalla binaria,Moths,FALSE,FALSE,NA,NA,TRUE,TRUE,TRUE,model_species_direct
harpyia milhauseri,Harpyia milhauseri,81,Harpyia milhauseri,Moths,FALSE,FALSE,NA,NA,TRUE,TRUE,TRUE,model_species_direct
peridea anceps,Peridea anceps,70,Peridea anceps,Moths,FALSE,FALSE,NA,NA,TRUE,TRUE,TRUE,model_species_direct
isturgia limbaria,Isturgia limbaria,91,Isturgia limbaria,Moths,FALSE,FALSE,NA,NA,TRUE,TRUE,TRUE,model_species_direct
melanargia occitanica,Melanargia occitanica,246,Melanargia occitanica,Butterflies,FALSE,FALSE,NA,NA,TRUE,TRUE,TRUE,model_species_direct
chrysoteuchia culmella,Chrysoteuchia culmella,95,Chrysoteuchia culmella,Moths,FALSE,FALSE,NA,NA,TRUE,TRUE,TRUE,model_species_direct
lygephila craccae,Lygephila craccae,81,Lygephila craccae,Moths,FALSE,FALSE,NA,NA,TRUE,TRUE,TRUE,model_species_direct
erebia oeme,Erebia oeme,462,Erebia oeme,Butterflies,FALSE,FALSE,NA,NA,TRUE,TRUE,TRUE,model_species_direct
lymantria dispar,Lymantria dispar,254,Lymantria dispar,Moths,FALSE,FALSE,NA,NA,TRUE,TRUE,TRUE,model_species_direct
polygonia egea,Polygonia egea,67,Polygonia egea,Butterflies,FALSE,FALSE,NA,NA,TRUE,TRUE,TRUE,model_species_direct
charanyca ferruginea,Charanyca ferruginea,114,Charanyca ferruginea,Moths,FALSE,FALSE,NA,NA,TRUE,TRUE,TRUE,model_species_direct
brachylomia viminalis,Brachylomia viminalis,63,Brachylomia viminalis,Moths,FALSE,FALSE,NA,NA,TRUE,TRUE,TRUE,model_species_direct
peribatodes secundaria,Peribatodes secundaria,54,Peribatodes secundaria,Moths,FALSE,FALSE,NA,NA,TRUE,TRUE,TRUE,model_species_direct
laspeyria flexula,Laspeyria flexula,65,Laspeyria flexula,Moths,FALSE,FALSE,NA,NA,TRUE,TRUE,TRUE,model_species_direct
idaea aversata,Idaea aversata,248,Idaea aversata,Moths,FALSE,FALSE,NA,NA,TRUE,TRUE,TRUE,model_species_direct
eudonia mercurella,Eudonia mercurella,54,Eudonia mercurella,Moths,FALSE,FALSE,NA,NA,TRUE,TRUE,TRUE,model_species_direct
cosmia trapezina,Cosmia trapezina,127,Cosmia trapezina,Moths,FALSE,FALSE,NA,NA,TRUE,TRUE,TRUE,model_species_direct
noctua comes,Noctua comes,84,Noctua comes,Moths,FALSE,FALSE,NA,NA,TRUE,TRUE,TRUE,model_species_direct
oncocera semirubella,Oncocera semirubella,108,Oncocera semirubella,Moths,FALSE,FALSE,NA,NA,TRUE,TRUE,TRUE,model_species_direct
eulithis prunata,Eulithis prunata,73,Eulithis prunata,Moths,FALSE,FALSE,NA,NA,TRUE,TRUE,TRUE,model_species_direct
cossus cossus,Cossus cossus,103,Cossus cossus,Moths,FALSE,FALSE,NA,NA,TRUE,TRUE,TRUE,model_species_direct
pyrgus serratulae,Pyrgus serratulae,422,Pyrgus serratulae,Butterflies,FALSE,FALSE,NA,NA,TRUE,TRUE,TRUE,model_species_direct
plutella xylostella,Plutella xylostella,72,Plutella xylostella,Moths,FALSE,FALSE,NA,NA,TRUE,TRUE,TRUE,model_species_direct
coscinia cribraria,Coscinia cribraria,98,Coscinia cribraria,Moths,FALSE,FALSE,NA,NA,TRUE,TRUE,TRUE,model_species_direct
agrotis ipsilon,Agrotis ipsilon,119,Agrotis ipsilon,Moths,FALSE,FALSE,NA,NA,TRUE,TRUE,TRUE,model_species_direct
thyatira batis,Thyatira batis,91,Thyatira batis,Moths,FALSE,FALSE,NA,NA,TRUE,TRUE,TRUE,model_species_direct
pyrausta aurata,Pyrausta aurata,87,Pyrausta aurata,Moths,FALSE,FALSE,NA,NA,TRUE,TRUE,TRUE,model_species_direct
apamea monoglypha,Apamea monoglypha,230,Apamea monoglypha,Moths,FALSE,FALSE,NA,NA,TRUE,TRUE,TRUE,model_species_direct
udea ferrugalis,Udea ferrugalis,99,Udea ferrugalis,Moths,FALSE,FALSE,NA,NA,TRUE,TRUE,TRUE,model_species_direct
hoplodrina octogenaria,Hoplodrina octogenaria,94,Hoplodrina octogenaria,Moths,FALSE,FALSE,NA,NA,TRUE,TRUE,TRUE,model_species_direct
nomophila noctuella,Nomophila noctuella,104,Nomophila noctuella,Moths,FALSE,FALSE,NA,NA,TRUE,TRUE,TRUE,model_species_direct
callimorpha dominula,Callimorpha dominula,226,Callimorpha dominula,Moths,FALSE,FALSE,NA,NA,TRUE,TRUE,TRUE,model_species_direct
pyrausta purpuralis,Pyrausta purpuralis,97,Pyrausta purpuralis,Moths,FALSE,FALSE,NA,NA,TRUE,TRUE,TRUE,model_species_direct
alcis repandata,Alcis repandata,251,Alcis repandata,Moths,FALSE,FALSE,NA,NA,TRUE,TRUE,TRUE,model_species_direct
polyphaenis sericata,Polyphaenis sericata,73,Polyphaenis sericata,Moths,FALSE,FALSE,NA,NA,TRUE,TRUE,TRUE,model_species_direct
hemistola chrysoprasaria,Hemistola chrysoprasaria,67,Hemistola chrysoprasaria,Moths,FALSE,FALSE,NA,NA,TRUE,TRUE,TRUE,model_species_direct
eupithecia pusillata,Eupithecia pusillata,65,Eupithecia pusillata,Moths,FALSE,FALSE,NA,NA,TRUE,TRUE,TRUE,model_species_direct
aglaope infausta,Aglaope infausta,66,Aglaope infausta,Moths,FALSE,FALSE,NA,NA,TRUE,TRUE,TRUE,model_species_direct
rhodometra sacraria,Rhodometra sacraria,160,Rhodometra sacraria,Moths,FALSE,FALSE,NA,NA,TRUE,TRUE,TRUE,model_species_direct
scoliopteryx libatrix,Scoliopteryx libatrix,108,Scoliopteryx libatrix,Moths,FALSE,FALSE,NA,NA,TRUE,TRUE,TRUE,model_species_direct
parnassius mnemosyne,Parnassius mnemosyne,706,Parnassius mnemosyne,Butterflies,FALSE,FALSE,NA,NA,TRUE,TRUE,TRUE,model_species_direct
formica lemani,Formica lemani,161,Formica lemani,Ants,FALSE,FALSE,NA,NA,TRUE,TRUE,TRUE,model_species_direct
manica rubida,Manica rubida,75,Manica rubida,Ants,FALSE,FALSE,NA,NA,TRUE,TRUE,TRUE,model_species_direct
zerynthia polyxena,Zerynthia polyxena,326,Zerynthia polyxena,Butterflies,FALSE,FALSE,NA,NA,TRUE,TRUE,TRUE,model_species_direct
euchloe crameri,Euchloe crameri,226,Euchloe crameri,Butterflies,FALSE,FALSE,NA,NA,TRUE,TRUE,TRUE,model_species_direct
erebia epistygne,Erebia epistygne,88,Erebia epistygne,Butterflies,FALSE,FALSE,NA,NA,TRUE,TRUE,TRUE,model_species_direct
pyronia cecilia,Pyronia cecilia,243,Pyronia cecilia,Butterflies,FALSE,FALSE,NA,NA,TRUE,TRUE,TRUE,model_species_direct
erebia ligea,Erebia ligea,675,Erebia ligea,Butterflies,FALSE,FALSE,NA,NA,TRUE,TRUE,TRUE,model_species_direct
erebia euryale,Erebia euryale,1199,Erebia euryale,Butterflies,FALSE,FALSE,NA,NA,TRUE,TRUE,TRUE,model_species_direct
erebia tyndarus,Erebia tyndarus,1382,Erebia tyndarus,Butterflies,FALSE,FALSE,NA,NA,TRUE,TRUE,TRUE,model_species_direct
stegania trimaculata,Stegania trimaculata,53,Stegania trimaculata,Moths,FALSE,FALSE,NA,NA,TRUE,TRUE,TRUE,model_species_direct
hypomecis punctinalis,Hypomecis punctinalis,82,Hypomecis punctinalis,Moths,FALSE,FALSE,NA,NA,TRUE,TRUE,TRUE,model_species_direct
campaea margaritaria,Campaea margaritaria,199,Campaea margaritaria,Moths,FALSE,FALSE,NA,NA,TRUE,TRUE,TRUE,model_species_direct
rivula sericealis,Rivula sericealis,59,Rivula sericealis,Moths,FALSE,FALSE,NA,NA,TRUE,TRUE,TRUE,model_species_direct
habrosyne pyritoides,Habrosyne pyritoides,80,Habrosyne pyritoides,Moths,FALSE,FALSE,NA,NA,TRUE,TRUE,TRUE,model_species_direct
angerona prunaria,Angerona prunaria,60,Angerona prunaria,Moths,FALSE,FALSE,NA,NA,TRUE,TRUE,TRUE,model_species_direct
spilarctia lutea,Spilarctia lutea,70,Spilarctia lutea,Moths,FALSE,FALSE,NA,NA,TRUE,TRUE,TRUE,model_species_direct
pterostoma palpina,Pterostoma palpina,128,Pterostoma palpina,Moths,FALSE,FALSE,NA,NA,TRUE,TRUE,TRUE,model_species_direct
axylia putris,Axylia putris,94,Axylia putris,Moths,FALSE,FALSE,NA,NA,TRUE,TRUE,TRUE,model_species_direct
cidaria fulvata,Cidaria fulvata,106,Cidaria fulvata,Moths,FALSE,FALSE,NA,NA,TRUE,TRUE,TRUE,model_species_direct
sceliphron caementarium,Sceliphron caementarium,52,Sceliphron caementarium,Solitary Wasps,FALSE,FALSE,NA,NA,TRUE,TRUE,TRUE,model_species_direct
acronicta rumicis,Acronicta rumicis,88,Acronicta rumicis,Moths,FALSE,FALSE,NA,NA,TRUE,TRUE,TRUE,model_species_direct
acronicta aceris,Acronicta aceris,67,Acronicta aceris,Moths,FALSE,FALSE,NA,NA,TRUE,TRUE,TRUE,model_species_direct
lymantria monacha,Lymantria monacha,184,Lymantria monacha,Moths,FALSE,FALSE,NA,NA,TRUE,TRUE,TRUE,model_species_direct
malacosoma neustria,Malacosoma neustria,119,Malacosoma neustria,Moths,FALSE,FALSE,NA,NA,TRUE,TRUE,TRUE,model_species_direct
dysgonia algira,Dysgonia algira,79,Dysgonia algira,Moths,FALSE,FALSE,NA,NA,TRUE,TRUE,TRUE,model_species_direct
epirrhoe alternata,Epirrhoe alternata,127,Epirrhoe alternata,Moths,FALSE,FALSE,NA,NA,TRUE,TRUE,TRUE,model_species_direct
eilema caniola,Eilema caniola,89,Eilema caniola,Moths,FALSE,FALSE,NA,NA,TRUE,TRUE,TRUE,model_species_direct
crocallis elinguaria,Crocallis elinguaria,65,Crocallis elinguaria,Moths,FALSE,FALSE,NA,NA,TRUE,TRUE,TRUE,model_species_direct
idaea degeneraria,Idaea degeneraria,96,Idaea degeneraria,Moths,FALSE,FALSE,NA,NA,TRUE,TRUE,TRUE,model_species_direct
craniophora ligustri,Craniophora ligustri,198,Craniophora ligustri,Moths,FALSE,FALSE,NA,NA,TRUE,TRUE,TRUE,model_species_direct
erebia triarius,Erebia triarius,521,Erebia triarius,Butterflies,FALSE,FALSE,NA,NA,TRUE,TRUE,TRUE,model_species_direct
ectropis crepuscularia,Ectropis crepuscularia,69,Ectropis crepuscularia,Moths,FALSE,FALSE,NA,NA,TRUE,TRUE,TRUE,model_species_direct
lycophotia porphyrea,Lycophotia porphyrea,86,Lycophotia porphyrea,Moths,FALSE,FALSE,NA,NA,TRUE,TRUE,TRUE,model_species_direct
mythimna l-album,Mythimna l-album,71,Mythimna l-album,Moths,FALSE,FALSE,NA,NA,TRUE,TRUE,TRUE,model_species_direct
palpita vitrealis,Palpita vitrealis,76,Palpita vitrealis,Moths,FALSE,FALSE,NA,NA,TRUE,TRUE,TRUE,model_species_direct
hadena compta,Hadena compta,76,Hadena compta,Moths,FALSE,FALSE,NA,NA,TRUE,TRUE,TRUE,model_species_direct
deltote pygarga,Deltote pygarga,80,Deltote pygarga,Moths,FALSE,FALSE,NA,NA,TRUE,TRUE,TRUE,model_species_direct
hemipenthes morio,Hemipenthes morio,78,Hemipenthes morio,Bee Flies,FALSE,FALSE,NA,NA,TRUE,TRUE,TRUE,model_species_direct
myathropa florea,Myathropa florea,261,Myathropa florea,Hoverflies,FALSE,FALSE,NA,NA,TRUE,TRUE,TRUE,model_species_direct
laothoe populi,Laothoe populi,164,Laothoe populi,Moths,FALSE,FALSE,NA,NA,TRUE,TRUE,TRUE,model_species_direct
pseudoips prasinana,Pseudoips prasinana,65,Pseudoips prasinana,Moths,FALSE,FALSE,NA,NA,TRUE,TRUE,TRUE,model_species_direct
phytometra viridaria,Phytometra viridaria,113,Phytometra viridaria,Moths,FALSE,FALSE,NA,NA,TRUE,TRUE,TRUE,model_species_direct
notodonta dromedarius,Notodonta dromedarius,111,Notodonta dromedarius,Moths,FALSE,FALSE,NA,NA,TRUE,TRUE,TRUE,model_species_direct
scaeva pyrastri,Scaeva pyrastri,121,Scaeva pyrastri,Hoverflies,FALSE,FALSE,NA,NA,TRUE,TRUE,TRUE,model_species_direct
formica lugubris,Formica lugubris,90,Formica lugubris,Ants,FALSE,FALSE,NA,NA,TRUE,TRUE,TRUE,model_species_direct
phalera bucephala,Phalera bucephala,103,Phalera bucephala,Moths,FALSE,FALSE,NA,NA,TRUE,TRUE,TRUE,model_species_direct
lycia hirtaria,Lycia hirtaria,59,Lycia hirtaria,Moths,FALSE,FALSE,NA,NA,TRUE,TRUE,TRUE,model_species_direct
orthosia gothica,Orthosia gothica,76,Orthosia gothica,Moths,FALSE,FALSE,NA,NA,TRUE,TRUE,TRUE,model_species_direct
menophra abruptaria,Menophra abruptaria,70,Menophra abruptaria,Moths,FALSE,FALSE,NA,NA,TRUE,TRUE,TRUE,model_species_direct
chloroclysta siterata,Chloroclysta siterata,83,Chloroclysta siterata,Moths,FALSE,FALSE,NA,NA,TRUE,TRUE,TRUE,model_species_direct
sphinx pinastri,Sphinx pinastri,173,Sphinx pinastri,Moths,FALSE,FALSE,NA,NA,TRUE,TRUE,TRUE,model_species_direct
bombus pratorum,Bombus pratorum,133,Bombus pratorum,Bumblebees,FALSE,FALSE,NA,NA,TRUE,TRUE,TRUE,model_species_direct
hipparchia fidia,Hipparchia fidia,246,Hipparchia fidia,Butterflies,FALSE,FALSE,NA,NA,TRUE,TRUE,TRUE,model_species_direct
euproctis chrysorrhoea,Euproctis chrysorrhoea,61,Euproctis chrysorrhoea,Moths,FALSE,FALSE,NA,NA,TRUE,TRUE,TRUE,model_species_direct
cleora cinctaria,Cleora cinctaria,62,Cleora cinctaria,Moths,FALSE,FALSE,NA,NA,TRUE,TRUE,TRUE,model_species_direct
scotopteryx angularia,Scotopteryx angularia,54,Scotopteryx angularia,Moths,FALSE,FALSE,NA,NA,TRUE,TRUE,TRUE,model_species_direct
scotopteryx chenopodiata,Scotopteryx chenopodiata,250,Scotopteryx chenopodiata,Moths,FALSE,FALSE,NA,NA,TRUE,TRUE,TRUE,model_species_direct
minoa murinata,Minoa murinata,83,Minoa murinata,Moths,FALSE,FALSE,NA,NA,TRUE,TRUE,TRUE,model_species_direct
epirrhoe rivata,Epirrhoe rivata,51,Epirrhoe rivata,Moths,FALSE,FALSE,NA,NA,TRUE,TRUE,TRUE,model_species_direct
udea austriacalis,Udea austriacalis,54,Udea austriacalis,Moths,FALSE,FALSE,NA,NA,TRUE,TRUE,TRUE,model_species_direct
xanthorhoe montanata,Xanthorhoe montanata,202,Xanthorhoe montanata,Moths,FALSE,FALSE,NA,NA,TRUE,TRUE,TRUE,model_species_direct
perizoma albulata,Perizoma albulata,98,Perizoma albulata,Moths,FALSE,FALSE,NA,NA,TRUE,TRUE,TRUE,model_species_direct
epirrhoe tristata,Epirrhoe tristata,79,Epirrhoe tristata,Moths,FALSE,FALSE,NA,NA,TRUE,TRUE,TRUE,model_species_direct
agriphila tristellus,Agriphila tristellus,66,Agriphila tristellus,Moths,FALSE,FALSE,NA,NA,TRUE,TRUE,TRUE,model_species_direct
cabera pusaria,Cabera pusaria,105,Cabera pusaria,Moths,FALSE,FALSE,NA,NA,TRUE,TRUE,TRUE,model_species_direct
mythimna conigera,Mythimna conigera,265,Mythimna conigera,Moths,FALSE,FALSE,NA,NA,TRUE,TRUE,TRUE,model_species_direct
macaria wauaria,Macaria wauaria,53,Macaria wauaria,Moths,FALSE,FALSE,NA,NA,TRUE,TRUE,TRUE,model_species_direct
perizoma verberata,Perizoma verberata,64,Perizoma verberata,Moths,FALSE,FALSE,NA,NA,TRUE,TRUE,TRUE,model_species_direct
katha depressa,Katha depressa,106,Katha depressa,Moths,FALSE,FALSE,NA,NA,TRUE,TRUE,TRUE,model_species_direct
charissa glaucinaria,Charissa glaucinaria,109,Charissa glaucinaria,Moths,FALSE,FALSE,NA,NA,TRUE,TRUE,TRUE,model_species_direct
pempelia ornatella,Pempelia ornatella,66,Pempelia ornatella,Moths,FALSE,FALSE,NA,NA,TRUE,TRUE,TRUE,model_species_direct
hypena proboscidalis,Hypena proboscidalis,102,Hypena proboscidalis,Moths,FALSE,FALSE,NA,NA,TRUE,TRUE,TRUE,model_species_direct
limenitis populi,Limenitis populi,163,Limenitis populi,Butterflies,FALSE,FALSE,NA,NA,TRUE,TRUE,TRUE,model_species_direct
idaea biselata,Idaea biselata,58,Idaea biselata,Moths,FALSE,FALSE,NA,NA,TRUE,TRUE,TRUE,model_species_direct
zygaena trifolii,Zygaena trifolii,96,Zygaena trifolii,Moths,FALSE,FALSE,NA,NA,TRUE,TRUE,TRUE,model_species_direct
eristalis pertinax,Eristalis pertinax,90,Eristalis pertinax,Hoverflies,FALSE,FALSE,NA,NA,TRUE,TRUE,TRUE,model_species_direct
volucella pellucens,Volucella pellucens,299,Volucella pellucens,Hoverflies,FALSE,FALSE,NA,NA,TRUE,TRUE,TRUE,model_species_direct
lasius alienus,Lasius alienus,56,Lasius alienus,Ants,FALSE,FALSE,NA,NA,TRUE,TRUE,TRUE,model_species_direct
megascolia maculata,Megascolia maculata,96,Megascolia maculata,Solitary Wasps,FALSE,FALSE,NA,NA,TRUE,TRUE,TRUE,model_species_direct
glaucopsyche melanops,Glaucopsyche melanops,266,Glaucopsyche melanops,Butterflies,FALSE,FALSE,NA,NA,TRUE,TRUE,TRUE,model_species_direct
triphosa dubitata,Triphosa dubitata,105,Triphosa dubitata,Moths,FALSE,FALSE,NA,NA,TRUE,TRUE,TRUE,model_species_direct
orthosia cerasi,Orthosia cerasi,59,Orthosia cerasi,Moths,FALSE,FALSE,NA,NA,TRUE,TRUE,TRUE,model_species_direct
biston strataria,Biston strataria,50,Biston strataria,Moths,FALSE,FALSE,NA,NA,TRUE,TRUE,TRUE,model_species_direct
dypterygia scabriuscula,Dypterygia scabriuscula,60,Dypterygia scabriuscula,Moths,FALSE,FALSE,NA,NA,TRUE,TRUE,TRUE,model_species_direct
mythimna unipuncta,Mythimna unipuncta,64,Mythimna unipuncta,Moths,FALSE,FALSE,NA,NA,TRUE,TRUE,TRUE,model_species_direct
noctua fimbriata,Noctua fimbriata,130,Noctua fimbriata,Moths,FALSE,FALSE,NA,NA,TRUE,TRUE,TRUE,model_species_direct
mythimna sicula,Mythimna sicula,106,Mythimna sicula,Moths,FALSE,FALSE,NA,NA,TRUE,TRUE,TRUE,model_species_direct
pachycnemia hippocastanaria,Pachycnemia hippocastanaria,58,Pachycnemia hippocastanaria,Moths,FALSE,FALSE,NA,NA,TRUE,TRUE,TRUE,model_species_direct
macaria alternata,Macaria alternata,53,Macaria alternata,Moths,FALSE,FALSE,NA,NA,TRUE,TRUE,TRUE,model_species_direct
pyrgus malvae,Pyrgus malvae,102,Pyrgus malvae,Butterflies,FALSE,FALSE,NA,NA,TRUE,TRUE,TRUE,model_species_direct
camponotus herculeanus,Camponotus herculeanus,66,Camponotus herculeanus,Ants,FALSE,FALSE,NA,NA,TRUE,TRUE,TRUE,model_species_direct
volucella inanis,Volucella inanis,112,Volucella inanis,Hoverflies,FALSE,FALSE,NA,NA,TRUE,TRUE,TRUE,model_species_direct
hoplodrina respersa,Hoplodrina respersa,74,Hoplodrina respersa,Moths,FALSE,FALSE,NA,NA,TRUE,TRUE,TRUE,model_species_direct
sideridis reticulata,Sideridis reticulata,114,Sideridis reticulata,Moths,FALSE,FALSE,NA,NA,TRUE,TRUE,TRUE,model_species_direct
geometra papilionaria,Geometra papilionaria,70,Geometra papilionaria,Moths,FALSE,FALSE,NA,NA,TRUE,TRUE,TRUE,model_species_direct
ptilodon capucina,Ptilodon capucina,88,Ptilodon capucina,Moths,FALSE,FALSE,NA,NA,TRUE,TRUE,TRUE,model_species_direct
anaplectoides prasina,Anaplectoides prasina,96,Anaplectoides prasina,Moths,FALSE,FALSE,NA,NA,TRUE,TRUE,TRUE,model_species_direct
crematogaster scutellaris,Crematogaster scutellaris,116,Crematogaster scutellaris,Ants,FALSE,FALSE,NA,NA,TRUE,TRUE,TRUE,model_species_direct
tachina fera,Tachina fera,58,Tachina fera,Other Flies,FALSE,FALSE,NA,NA,TRUE,TRUE,TRUE,model_species_direct
macaria liturata,Macaria liturata,147,Macaria liturata,Moths,FALSE,FALSE,NA,NA,TRUE,TRUE,TRUE,model_species_direct
zygaena lavandulae,Zygaena lavandulae,104,Zygaena lavandulae,Moths,FALSE,FALSE,NA,NA,TRUE,TRUE,TRUE,model_species_direct
eristalinus taeniops,Eristalinus taeniops,65,Eristalinus taeniops,Hoverflies,FALSE,FALSE,NA,NA,TRUE,TRUE,TRUE,model_species_direct
stomorhina lunata,Stomorhina lunata,282,Stomorhina lunata,Other Flies,FALSE,FALSE,NA,NA,TRUE,TRUE,TRUE,model_species_direct
camponotus cruentatus,Camponotus cruentatus,60,Camponotus cruentatus,Ants,FALSE,FALSE,NA,NA,TRUE,TRUE,TRUE,model_species_direct
ecliptopera silaceata,Ecliptopera silaceata,57,Ecliptopera silaceata,Moths,FALSE,FALSE,NA,NA,TRUE,TRUE,TRUE,model_species_direct
selenia lunularia,Selenia lunularia,70,Selenia lunularia,Moths,FALSE,FALSE,NA,NA,TRUE,TRUE,TRUE,model_species_direct
euplexia lucipara,Euplexia lucipara,53,Euplexia lucipara,Moths,FALSE,FALSE,NA,NA,TRUE,TRUE,TRUE,model_species_direct
calamia tridens,Calamia tridens,57,Calamia tridens,Moths,FALSE,FALSE,NA,NA,TRUE,TRUE,TRUE,model_species_direct
notodonta ziczac,Notodonta ziczac,129,Notodonta ziczac,Moths,FALSE,FALSE,NA,NA,TRUE,TRUE,TRUE,model_species_direct
mythimna albipuncta,Mythimna albipuncta,118,Mythimna albipuncta,Moths,FALSE,FALSE,NA,NA,TRUE,TRUE,TRUE,model_species_direct
eulithis populata,Eulithis populata,101,Eulithis populata,Moths,FALSE,FALSE,NA,NA,TRUE,TRUE,TRUE,model_species_direct
scopula marginepunctata,Scopula marginepunctata,84,Scopula marginepunctata,Moths,FALSE,FALSE,NA,NA,TRUE,TRUE,TRUE,model_species_direct
pheosia tremula,Pheosia tremula,69,Pheosia tremula,Moths,FALSE,FALSE,NA,NA,TRUE,TRUE,TRUE,model_species_direct
spilosoma lubricipeda,Spilosoma lubricipeda,74,Spilosoma lubricipeda,Moths,FALSE,FALSE,NA,NA,TRUE,TRUE,TRUE,model_species_direct
agriades glandon,Agriades glandon,585,Agriades glandon,Butterflies,FALSE,FALSE,NA,NA,TRUE,TRUE,TRUE,model_species_direct
boloria graeca,Boloria graeca,123,Boloria graeca,Butterflies,FALSE,FALSE,NA,NA,TRUE,TRUE,TRUE,model_species_direct
oeneis aello,Oeneis aello,122,Oeneis aello,Butterflies,FALSE,FALSE,NA,NA,TRUE,TRUE,TRUE,model_species_direct
gnophos obfuscata,Gnophos obfuscata,104,Gnophos obfuscata,Moths,FALSE,FALSE,NA,NA,TRUE,TRUE,TRUE,model_species_direct
colias palaeno,Colias palaeno,249,Colias palaeno,Butterflies,FALSE,FALSE,NA,NA,TRUE,TRUE,TRUE,model_species_direct
erebia pandrose,Erebia pandrose,323,Erebia pandrose,Butterflies,FALSE,FALSE,NA,NA,TRUE,TRUE,TRUE,model_species_direct
pontia callidice,Pontia callidice,225,Pontia callidice,Butterflies,FALSE,FALSE,NA,NA,TRUE,TRUE,TRUE,model_species_direct
erebia montana,Erebia montana,180,Erebia montana,Butterflies,FALSE,FALSE,NA,NA,TRUE,TRUE,TRUE,model_species_direct
erebia mnestra,Erebia mnestra,264,Erebia mnestra,Butterflies,FALSE,FALSE,NA,NA,TRUE,TRUE,TRUE,model_species_direct
pieris bryoniae,Pieris bryoniae,381,Pieris bryoniae,Butterflies,FALSE,FALSE,NA,NA,TRUE,TRUE,TRUE,model_species_direct
eumedonia eumedon,Eumedonia eumedon,342,Eumedonia eumedon,Butterflies,FALSE,FALSE,NA,NA,TRUE,TRUE,TRUE,model_species_direct
albulina orbitulus,Albulina orbitulus,161,Albulina orbitulus,Butterflies,FALSE,FALSE,NA,NA,TRUE,TRUE,TRUE,model_species_direct
erebia melampus,Erebia melampus,310,Erebia melampus,Butterflies,FALSE,FALSE,NA,NA,TRUE,TRUE,TRUE,model_species_direct
euchloe simplonia,Euchloe simplonia,259,Euchloe simplonia,Butterflies,FALSE,FALSE,NA,NA,TRUE,TRUE,TRUE,model_species_direct
colias phicomone,Colias phicomone,1023,Colias phicomone,Butterflies,FALSE,FALSE,NA,NA,TRUE,TRUE,TRUE,model_species_direct
boloria pales,Boloria pales,661,Boloria pales,Butterflies,FALSE,FALSE,NA,NA,TRUE,TRUE,TRUE,model_species_direct
erebia alberganus,Erebia alberganus,1360,Erebia alberganus,Butterflies,FALSE,FALSE,NA,NA,TRUE,TRUE,TRUE,model_species_direct
aplocera praeformata,Aplocera praeformata,144,Aplocera praeformata,Moths,FALSE,FALSE,NA,NA,TRUE,TRUE,TRUE,model_species_direct
erebia gorge,Erebia gorge,163,Erebia gorge,Butterflies,FALSE,FALSE,NA,NA,TRUE,TRUE,TRUE,model_species_direct
erebia cassioides,Erebia cassioides,535,Erebia cassioides,Butterflies,FALSE,FALSE,NA,NA,TRUE,TRUE,TRUE,model_species_direct
pararge petropolitana,Pararge petropolitana,408,Pararge petropolitana,Butterflies,FALSE,FALSE,NA,NA,TRUE,TRUE,TRUE,model_species_direct
formica rufa,Formica rufa,68,Formica rufa,Ants,FALSE,FALSE,NA,NA,TRUE,TRUE,TRUE,model_species_direct
malacosoma alpicola,Malacosoma alpicola,74,Malacosoma alpicola,Moths,FALSE,FALSE,NA,NA,TRUE,TRUE,TRUE,model_species_direct
idaea flaveolaria,Idaea flaveolaria,119,Idaea flaveolaria,Moths,FALSE,FALSE,NA,NA,TRUE,TRUE,TRUE,model_species_direct
erebia pharte,Erebia pharte,137,Erebia pharte,Butterflies,FALSE,FALSE,NA,NA,TRUE,TRUE,TRUE,model_species_direct
lycaeides argyrognomon,Lycaeides argyrognomon,136,Lycaeides argyrognomon,Butterflies,FALSE,FALSE,NA,NA,TRUE,TRUE,TRUE,model_species_direct
pseudoaricia nicias,Pseudoaricia nicias,272,Pseudoaricia nicias,Butterflies,FALSE,FALSE,NA,NA,TRUE,TRUE,TRUE,model_species_direct
boloria napaea,Boloria napaea,347,Boloria napaea,Butterflies,FALSE,FALSE,NA,NA,TRUE,TRUE,TRUE,model_species_direct
erebia pluto,Erebia pluto,164,Erebia pluto,Butterflies,FALSE,FALSE,NA,NA,TRUE,TRUE,TRUE,model_species_direct
polyommatus eros,Polyommatus eros,661,Polyommatus eros,Butterflies,FALSE,FALSE,NA,NA,TRUE,TRUE,TRUE,model_species_direct
pyrgus andromedae,Pyrgus andromedae,60,Pyrgus andromedae,Butterflies,FALSE,FALSE,NA,NA,TRUE,TRUE,TRUE,model_species_direct
autographa jota,Autographa jota,70,Autographa jota,Moths,FALSE,FALSE,NA,NA,TRUE,TRUE,TRUE,model_species_direct
euphyia frustata,Euphyia frustata,78,Euphyia frustata,Moths,FALSE,FALSE,NA,NA,TRUE,TRUE,TRUE,model_species_direct
scopula incanata,Scopula incanata,87,Scopula incanata,Moths,FALSE,FALSE,NA,NA,TRUE,TRUE,TRUE,model_species_direct
colostygia aptata,Colostygia aptata,93,Colostygia aptata,Moths,FALSE,FALSE,NA,NA,TRUE,TRUE,TRUE,model_species_direct
eulithis pyraliata,Eulithis pyraliata,58,Eulithis pyraliata,Moths,FALSE,FALSE,NA,NA,TRUE,TRUE,TRUE,model_species_direct
ochropacha duplaris,Ochropacha duplaris,58,Ochropacha duplaris,Moths,FALSE,FALSE,NA,NA,TRUE,TRUE,TRUE,model_species_direct
euphyia molluginata,Euphyia molluginata,76,Euphyia molluginata,Moths,FALSE,FALSE,NA,NA,TRUE,TRUE,TRUE,model_species_direct
evergestis sophialis,Evergestis sophialis,62,Evergestis sophialis,Moths,FALSE,FALSE,NA,NA,TRUE,TRUE,TRUE,model_species_direct
coenonympha iphis,Coenonympha iphis,552,Coenonympha iphis,Butterflies,FALSE,FALSE,NA,NA,TRUE,TRUE,TRUE,model_species_direct
hydriomena furcata,Hydriomena furcata,84,Hydriomena furcata,Moths,FALSE,FALSE,NA,NA,TRUE,TRUE,TRUE,model_species_direct
dysstroma truncata,Dysstroma truncata,83,Dysstroma truncata,Moths,FALSE,FALSE,NA,NA,TRUE,TRUE,TRUE,model_species_direct
selenia dentaria,Selenia dentaria,64,Selenia dentaria,Moths,FALSE,FALSE,NA,NA,TRUE,TRUE,TRUE,model_species_direct
perizoma alchemillata,Perizoma alchemillata,54,Perizoma alchemillata,Moths,FALSE,FALSE,NA,NA,TRUE,TRUE,TRUE,model_species_direct
volucella bombylans,Volucella bombylans,64,Volucella bombylans,Hoverflies,FALSE,FALSE,NA,NA,TRUE,TRUE,TRUE,model_species_direct
carterocephalus palaemon,Carterocephalus palaemon,250,Carterocephalus palaemon,Butterflies,FALSE,FALSE,NA,NA,TRUE,TRUE,TRUE,model_species_direct
agrotis cinerea,Agrotis cinerea,69,Agrotis cinerea,Moths,FALSE,FALSE,NA,NA,TRUE,TRUE,TRUE,model_species_direct
ochropleura plecta,Ochropleura plecta,114,Ochropleura plecta,Moths,FALSE,FALSE,NA,NA,TRUE,TRUE,TRUE,model_species_direct
pachetra sagittigera,Pachetra sagittigera,93,Pachetra sagittigera,Moths,FALSE,FALSE,NA,NA,TRUE,TRUE,TRUE,model_species_direct
lacanobia w-latinum,Lacanobia w-latinum,93,Lacanobia w-latinum,Moths,FALSE,FALSE,NA,NA,TRUE,TRUE,TRUE,model_species_direct
hyles vespertilio,Hyles vespertilio,82,Hyles vespertilio,Moths,FALSE,FALSE,NA,NA,TRUE,TRUE,TRUE,model_species_direct
pyrausta aerealis,Pyrausta aerealis,115,Pyrausta aerealis,Moths,FALSE,FALSE,NA,NA,TRUE,TRUE,TRUE,model_species_direct
adscita geryon,Adscita geryon,99,Adscita geryon,Moths,FALSE,FALSE,NA,NA,TRUE,TRUE,TRUE,model_species_direct
pheosia gnoma,Pheosia gnoma,61,Pheosia gnoma,Moths,FALSE,FALSE,NA,NA,TRUE,TRUE,TRUE,model_species_direct
elkalyce argiades,Elkalyce argiades,294,Elkalyce argiades,Butterflies,FALSE,FALSE,NA,NA,TRUE,TRUE,TRUE,model_species_direct
chelis maculosa,Chelis maculosa,94,Chelis maculosa,Moths,FALSE,FALSE,NA,NA,TRUE,TRUE,TRUE,model_species_direct
bombus monticola,Bombus monticola,62,Bombus monticola,Bumblebees,FALSE,FALSE,NA,NA,TRUE,TRUE,TRUE,model_species_direct
leptidea duponcheli,Leptidea duponcheli,80,Leptidea duponcheli,Butterflies,FALSE,FALSE,NA,NA,TRUE,TRUE,TRUE,model_species_direct
leucoma salicis,Leucoma salicis,109,Leucoma salicis,Moths,FALSE,FALSE,NA,NA,TRUE,TRUE,TRUE,model_species_direct
catarhoe cuculata,Catarhoe cuculata,103,Catarhoe cuculata,Moths,FALSE,FALSE,NA,NA,TRUE,TRUE,TRUE,model_species_direct
cabera exanthemata,Cabera exanthemata,69,Cabera exanthemata,Moths,FALSE,FALSE,NA,NA,TRUE,TRUE,TRUE,model_species_direct
xestia c-nigrum,Xestia c-nigrum,161,Xestia c-nigrum,Moths,FALSE,FALSE,NA,NA,TRUE,TRUE,TRUE,model_species_direct
apamea lateritia,Apamea lateritia,99,Apamea lateritia,Moths,FALSE,FALSE,NA,NA,TRUE,TRUE,TRUE,model_species_direct
bryophila domestica,Bryophila domestica,58,Bryophila domestica,Moths,FALSE,FALSE,NA,NA,TRUE,TRUE,TRUE,model_species_direct
polia nebulosa,Polia nebulosa,61,Polia nebulosa,Moths,FALSE,FALSE,NA,NA,TRUE,TRUE,TRUE,model_species_direct
agrotis clavis,Agrotis clavis,120,Agrotis clavis,Moths,FALSE,FALSE,NA,NA,TRUE,TRUE,TRUE,model_species_direct
hada plebeja,Hada plebeja,124,Hada plebeja,Moths,FALSE,FALSE,NA,NA,TRUE,TRUE,TRUE,model_species_direct
lasionycta proxima,Lasionycta proxima,68,Lasionycta proxima,Moths,FALSE,FALSE,NA,NA,TRUE,TRUE,TRUE,model_species_direct
mniotype adusta,Mniotype adusta,82,Mniotype adusta,Moths,FALSE,FALSE,NA,NA,TRUE,TRUE,TRUE,model_species_direct
euxoa decora,Euxoa decora,74,Euxoa decora,Moths,FALSE,FALSE,NA,NA,TRUE,TRUE,TRUE,model_species_direct
hadena caesia,Hadena caesia,102,Hadena caesia,Moths,FALSE,FALSE,NA,NA,TRUE,TRUE,TRUE,model_species_direct
autographa bractea,Autographa bractea,82,Autographa bractea,Moths,FALSE,FALSE,NA,NA,TRUE,TRUE,TRUE,model_species_direct
leucania comma,Leucania comma,121,Leucania comma,Moths,FALSE,FALSE,NA,NA,TRUE,TRUE,TRUE,model_species_direct
chersotis cuprea,Chersotis cuprea,103,Chersotis cuprea,Moths,FALSE,FALSE,NA,NA,TRUE,TRUE,TRUE,model_species_direct
xestia ashworthii,Xestia ashworthii,74,Xestia ashworthii,Moths,FALSE,FALSE,NA,NA,TRUE,TRUE,TRUE,model_species_direct
apamea maillardi,Apamea maillardi,93,Apamea maillardi,Moths,FALSE,FALSE,NA,NA,TRUE,TRUE,TRUE,model_species_direct
apamea furva,Apamea furva,96,Apamea furva,Moths,FALSE,FALSE,NA,NA,TRUE,TRUE,TRUE,model_species_direct
cerura vinula,Cerura vinula,53,Cerura vinula,Moths,FALSE,FALSE,NA,NA,TRUE,TRUE,TRUE,model_species_direct
colostygia pectinataria,Colostygia pectinataria,100,Colostygia pectinataria,Moths,FALSE,FALSE,NA,NA,TRUE,TRUE,TRUE,model_species_direct
setina aurita,Setina aurita,107,Setina aurita,Moths,FALSE,FALSE,NA,NA,TRUE,TRUE,TRUE,model_species_direct
zygaena purpuralis,Zygaena purpuralis,342,Zygaena purpuralis,Moths,FALSE,FALSE,NA,NA,TRUE,TRUE,TRUE,model_species_direct
zygaena exulans,Zygaena exulans,232,Zygaena exulans,Moths,FALSE,FALSE,NA,NA,TRUE,TRUE,TRUE,model_species_direct
scaeva selenitica,Scaeva selenitica,61,Scaeva selenitica,Hoverflies,FALSE,FALSE,NA,NA,TRUE,TRUE,TRUE,model_species_direct
thera obeliscata,Thera obeliscata,59,Thera obeliscata,Moths,FALSE,FALSE,NA,NA,TRUE,TRUE,TRUE,model_species_direct
hylaea fasciaria,Hylaea fasciaria,60,Hylaea fasciaria,Moths,FALSE,FALSE,NA,NA,TRUE,TRUE,TRUE,model_species_direct
deilephila elpenor,Deilephila elpenor,55,Deilephila elpenor,Moths,FALSE,FALSE,NA,NA,TRUE,TRUE,TRUE,model_species_direct
bombus mesomelas,Bombus mesomelas,179,Bombus mesomelas,Bumblebees,FALSE,FALSE,NA,NA,TRUE,TRUE,TRUE,model_species_direct
bombus wurflenii,Bombus wurflenii,103,Bombus wurflenii,Bumblebees,FALSE,FALSE,NA,NA,TRUE,TRUE,TRUE,model_species_direct
andrena bicolor,Andrena bicolor,61,Andrena bicolor,Wild Bees,FALSE,FALSE,NA,NA,TRUE,TRUE,TRUE,model_species_direct
parnassius phoebus,Parnassius phoebus,210,Parnassius phoebus,Butterflies,FALSE,FALSE,NA,NA,TRUE,TRUE,TRUE,model_species_direct
hyles gallii,Hyles gallii,65,Hyles gallii,Moths,FALSE,FALSE,NA,NA,TRUE,TRUE,TRUE,model_species_direct
crocota tinctaria,Crocota tinctaria,110,Crocota tinctaria,Moths,FALSE,FALSE,NA,NA,TRUE,TRUE,TRUE,model_species_direct
pyrgus cacaliae,Pyrgus cacaliae,117,Pyrgus cacaliae,Butterflies,FALSE,FALSE,NA,NA,TRUE,TRUE,TRUE,model_species_direct
bombus soroeensis,Bombus soroeensis,191,Bombus soroeensis,Bumblebees,FALSE,FALSE,NA,NA,TRUE,TRUE,TRUE,model_species_direct
agrotis simplonia,Agrotis simplonia,84,Agrotis simplonia,Moths,FALSE,FALSE,NA,NA,TRUE,TRUE,TRUE,model_species_direct
apamea crenata,Apamea crenata,63,Apamea crenata,Moths,FALSE,FALSE,NA,NA,TRUE,TRUE,TRUE,model_species_direct
parnassius corybas,Parnassius corybas,103,Parnassius corybas,Butterflies,FALSE,FALSE,NA,NA,TRUE,TRUE,TRUE,model_species_direct
catoptria conchella,Catoptria conchella,52,Catoptria conchella,Moths,FALSE,FALSE,NA,NA,TRUE,TRUE,TRUE,model_species_direct
hypodryas cynthia,Hypodryas cynthia,207,Hypodryas cynthia,Butterflies,FALSE,FALSE,NA,NA,TRUE,TRUE,TRUE,model_species_direct
xestia baja,Xestia baja,57,Xestia baja,Moths,FALSE,FALSE,NA,NA,TRUE,TRUE,TRUE,model_species_direct
entephria caesiata,Entephria caesiata,58,Entephria caesiata,Moths,FALSE,FALSE,NA,NA,TRUE,TRUE,TRUE,model_species_direct
pareulype berberata,Pareulype berberata,69,Pareulype berberata,Moths,FALSE,FALSE,NA,NA,TRUE,TRUE,TRUE,model_species_direct
lomographa temerata,Lomographa temerata,57,Lomographa temerata,Moths,FALSE,FALSE,NA,NA,TRUE,TRUE,TRUE,model_species_direct
eana argentana,Eana argentana,125,Eana argentana,Moths,FALSE,FALSE,NA,NA,TRUE,TRUE,TRUE,model_species_direct
oligia strigilis,Oligia strigilis,72,Oligia strigilis,Moths,FALSE,FALSE,NA,NA,TRUE,TRUE,TRUE,model_species_direct
thera cognata,Thera cognata,97,Thera cognata,Moths,FALSE,FALSE,NA,NA,TRUE,TRUE,TRUE,model_species_direct
chersotis margaritacea,Chersotis margaritacea,54,Chersotis margaritacea,Moths,FALSE,FALSE,NA,NA,TRUE,TRUE,TRUE,model_species_direct
polia bombycina,Polia bombycina,62,Polia bombycina,Moths,FALSE,FALSE,NA,NA,TRUE,TRUE,TRUE,model_species_direct
erebia aethiopella,Erebia aethiopella,69,Erebia aethiopella,Butterflies,FALSE,FALSE,NA,NA,TRUE,TRUE,TRUE,model_species_direct
syrphus ribesii,Syrphus ribesii,72,Syrphus ribesii,Hoverflies,FALSE,FALSE,NA,NA,TRUE,TRUE,TRUE,model_species_direct
papilio alexanor,Papilio alexanor,113,Papilio alexanor,Butterflies,FALSE,FALSE,NA,NA,TRUE,TRUE,TRUE,model_species_direct
psodos quadrifaria,Psodos quadrifaria,105,Psodos quadrifaria,Moths,FALSE,FALSE,NA,NA,TRUE,TRUE,TRUE,model_species_direct
euchalcia variabilis,Euchalcia variabilis,74,Euchalcia variabilis,Moths,FALSE,FALSE,NA,NA,TRUE,TRUE,TRUE,model_species_direct
odontopera bidentata,Odontopera bidentata,52,Odontopera bidentata,Moths,FALSE,FALSE,NA,NA,TRUE,TRUE,TRUE,model_species_direct
ceramica pisi,Ceramica pisi,94,Ceramica pisi,Moths,FALSE,FALSE,NA,NA,TRUE,TRUE,TRUE,model_species_direct
catastia marginea,Catastia marginea,59,Catastia marginea,Moths,FALSE,FALSE,NA,NA,TRUE,TRUE,TRUE,model_species_direct
metaxmeste phrygialis,Metaxmeste phrygialis,92,Metaxmeste phrygialis,Moths,FALSE,FALSE,NA,NA,TRUE,TRUE,TRUE,model_species_direct
caradrina selini,Caradrina selini,62,Caradrina selini,Moths,FALSE,FALSE,NA,NA,TRUE,TRUE,TRUE,model_species_direct
zeiraphera griseana,Zeiraphera griseana,56,Zeiraphera griseana,Moths,FALSE,FALSE,NA,NA,TRUE,TRUE,TRUE,model_species_direct
zygaena osterodensis,Zygaena osterodensis,66,Zygaena osterodensis,Moths,FALSE,FALSE,NA,NA,TRUE,TRUE,TRUE,model_species_direct
hadena confusa,Hadena confusa,59,Hadena confusa,Moths,FALSE,FALSE,NA,NA,TRUE,TRUE,TRUE,model_species_direct
apamea zeta,Apamea zeta,75,Apamea zeta,Moths,FALSE,FALSE,NA,NA,TRUE,TRUE,TRUE,model_species_direct
erebia manto,Erebia manto,206,Erebia manto,Butterflies,FALSE,FALSE,NA,NA,TRUE,TRUE,TRUE,model_species_direct
graellsia isabellae,Graellsia isabellae,80,Graellsia isabellae,Moths,FALSE,FALSE,NA,NA,TRUE,TRUE,TRUE,model_species_direct
bombus mucidus,Bombus mucidus,53,Bombus mucidus,Bumblebees,FALSE,FALSE,NA,NA,TRUE,TRUE,TRUE,model_species_direct
bombus pyrenaeus,Bombus pyrenaeus,56,Bombus pyrenaeus,Bumblebees,FALSE,FALSE,NA,NA,TRUE,TRUE,TRUE,model_species_direct
bombus sichelii,Bombus sichelii,110,Bombus sichelii,Bumblebees,FALSE,FALSE,NA,NA,TRUE,TRUE,TRUE,model_species_direct
polyommatus ripartii,Polyommatus ripartii,68,Polyommatus ripartii,Butterflies,FALSE,FALSE,NA,NA,TRUE,TRUE,TRUE,model_species_direct
erebia pronoe,Erebia pronoe,191,Erebia pronoe,Butterflies,FALSE,FALSE,NA,NA,TRUE,TRUE,TRUE,model_species_direct
amata phegea,Amata phegea,94,Amata phegea,Moths,FALSE,FALSE,NA,NA,TRUE,TRUE,TRUE,model_species_direct
halictus rubicundus,Halictus rubicundus,78,Halictus rubicundus,Wild Bees,FALSE,FALSE,NA,NA,TRUE,TRUE,TRUE,model_species_direct
melanchra persicariae,Melanchra persicariae,53,Melanchra persicariae,Moths,FALSE,FALSE,NA,NA,TRUE,TRUE,TRUE,model_species_direct
chloroclystis v-ata,Chloroclystis v-ata,79,Chloroclystis v-ata,Moths,FALSE,FALSE,NA,NA,TRUE,TRUE,TRUE,model_species_direct
lasioglossum leucopus,Lasioglossum leucopus,57,Lasioglossum leucopus,Wild Bees,FALSE,FALSE,NA,NA,TRUE,TRUE,TRUE,model_species_direct
lasioglossum cupromicans,Lasioglossum cupromicans,64,Lasioglossum cupromicans,Wild Bees,FALSE,FALSE,NA,NA,TRUE,TRUE,TRUE,model_species_direct
prosimulium rufipes,Prosimulium rufipes,74,Prosimulium rufipes,Other Flies,FALSE,FALSE,NA,NA,TRUE,TRUE,TRUE,model_species_direct
heteropterus morpheus,Heteropterus morpheus,76,Heteropterus morpheus,Butterflies,FALSE,FALSE,NA,NA,TRUE,TRUE,TRUE,model_species_direct
iphiclides feisthamelii,Iphiclides feisthamelii,246,Iphiclides feisthamelii,Butterflies,FALSE,FALSE,NA,NA,TRUE,TRUE,TRUE,model_species_direct
erebia lefebvrei,Erebia lefebvrei,100,Erebia lefebvrei,Butterflies,FALSE,FALSE,NA,NA,TRUE,TRUE,TRUE,model_species_direct
erebia gorgone,Erebia gorgone,198,Erebia gorgone,Butterflies,FALSE,FALSE,NA,NA,TRUE,TRUE,TRUE,model_species_direct
agriades pyrenaica,Agriades pyrenaica,67,Agriades pyrenaica,Butterflies,FALSE,FALSE,NA,NA,TRUE,TRUE,TRUE,model_species_direct
zygaena anthyllidis,Zygaena anthyllidis,69,Zygaena anthyllidis,Moths,FALSE,FALSE,NA,NA,TRUE,TRUE,TRUE,model_species_direct
phengaris arion,Phengaris arion,776,Phengaris arion,Butterflies,TRUE,FALSE,Maculinea arion,NA,TRUE,TRUE,TRUE,model_species_synonym_target
polyommatus dorylas,Polyommatus dorylas,511,Polyommatus dorylas,Butterflies,TRUE,FALSE,Plebicula dorylas,NA,TRUE,TRUE,TRUE,model_species_synonym_target
argynnis pandora,Argynnis pandora,208,Argynnis pandora,Butterflies,TRUE,FALSE,Damora pandora,NA,TRUE,TRUE,TRUE,model_species_synonym_target
polyommatus escheri,Polyommatus escheri,1351,Polyommatus escheri,Butterflies,TRUE,FALSE,Plebicula escheri,NA,TRUE,TRUE,TRUE,model_species_synonym_target
boloria euphrosyne,Boloria euphrosyne,1574,Boloria euphrosyne,Butterflies,TRUE,FALSE,Clossiana euphrosyne,NA,TRUE,TRUE,TRUE,model_species_synonym_target
leptidea sinapis_complex,Leptidea sinapis_complex,1379,Leptidea sinapis_complex,Butterflies,FALSE,TRUE,NA,Leptidea sinapis; Leptidea reali,TRUE,TRUE,TRUE,model_species_lump_target
satyrium ilicis,Satyrium ilicis,499,Satyrium ilicis,Butterflies,TRUE,FALSE,Nordmannia ilicis,NA,TRUE,TRUE,TRUE,model_species_synonym_target
boloria dia,Boloria dia,1863,Boloria dia,Butterflies,TRUE,FALSE,Clossiana dia,NA,TRUE,TRUE,TRUE,model_species_synonym_target
satyrium quercus,Satyrium quercus,315,Satyrium quercus,Butterflies,TRUE,FALSE,Quercusia quercus,NA,TRUE,TRUE,TRUE,model_species_synonym_target
melitaea athalia,Melitaea athalia,2034,Melitaea athalia,Butterflies,TRUE,FALSE,Mellicta athalia,NA,TRUE,TRUE,TRUE,model_species_synonym_target
melitaea parthenoides,Melitaea parthenoides,1126,Melitaea parthenoides,Butterflies,TRUE,FALSE,Mellicta parthenoides,NA,TRUE,TRUE,TRUE,model_species_synonym_target
polyommatus damon,Polyommatus damon,1678,Polyommatus damon,Butterflies,TRUE,FALSE,Agrodiaetus damon,NA,TRUE,TRUE,TRUE,model_species_synonym_target
polyommatus semiargus,Polyommatus semiargus,1741,Polyommatus semiargus,Butterflies,TRUE,FALSE,Cyaniris semiargus,NA,TRUE,TRUE,TRUE,model_species_synonym_target
polyommatus dolus,Polyommatus dolus,225,Polyommatus dolus,Butterflies,TRUE,FALSE,Agrodiaetus dolus,NA,TRUE,TRUE,TRUE,model_species_synonym_target
phengaris alcon,Phengaris alcon,628,Phengaris alcon,Butterflies,TRUE,FALSE,Maculinea alcon,NA,TRUE,TRUE,TRUE,model_species_synonym_target
limenitis camilla,Limenitis camilla,435,Limenitis camilla,Butterflies,TRUE,FALSE,Ladoga camilla,NA,TRUE,TRUE,TRUE,model_species_synonym_target
melitaea varia,Melitaea varia,416,Melitaea varia,Butterflies,TRUE,FALSE,Mellicta varia,NA,TRUE,TRUE,TRUE,model_species_synonym_target
lycaena hippothoe,Lycaena hippothoe,732,Lycaena hippothoe,Butterflies,TRUE,FALSE,Palaeochrysophanus hippothoe,NA,TRUE,TRUE,TRUE,model_species_synonym_target
satyrium esculi,Satyrium esculi,416,Satyrium esculi,Butterflies,TRUE,FALSE,Fixsenia esculi,NA,TRUE,TRUE,TRUE,model_species_synonym_target
agriades optilete,Agriades optilete,84,Agriades optilete,Butterflies,TRUE,FALSE,Vacciniina optilete,NA,TRUE,TRUE,TRUE,model_species_synonym_target
polyommatus humedasae,Polyommatus humedasae,185,Polyommatus humedasae,Butterflies,TRUE,FALSE,Agrodiaetus humedasae,NA,TRUE,TRUE,TRUE,model_species_synonym_target
